"","binder","non_binder","mhc"
"1","ASVLSGGELDRWEKI","ASVLSGGELDkWEKI",""
"2","GELDRWEKI","GELDRWkKI","B40"
"3","GQLDRWEKI","GeLDRWEKI",""
"4","GKLDSWEKIRLR","GKLDaWEKIRLR",""
"5","KIRLRPGGK","KIRLRPGGq","A3"
"6","KIRLRPGGK","KIRLRPGGr","A3"
"7","KIRLRPGGK","KIRLRPGGr","A3"
"8","KIRLRPGGK","KIRLRPGGr","A*0301"
"9","KIRLRPGGK","KIRLRPGGr","A3"
"10","KIRLRPGGK","KIRLRPGGr","A3"
"11","IRLRPGGKK","IRLRPGGrK","B27"
"12","IRLRPGGKK","IRLRPGrKK","B27"
"13","IRLRPGGKK","IRkRPGGKK","B27"
"14","IRLRPGGKK","IRLRPGGsK","B27"
"15","RLRPGGKKK","RLRPGGKqK","A3"
"16","RLRPGGKKK","RLRPGGKKt","A3"
"17","RLRPGGKKK","RLRPGGKKq","A*0301"
"18","RLRPGGKKK","RLRPGGKKh","A3"
"19","RLRPGGKKK","RLRPGGKKq","A3, A30, B42, B62"
"20","RLRPGGKKK","RLRPGGKKr","A3, A30, B42, B62"
"21","RLRPGGKKK","RLRPGGKKr","A3, B7"
"22","RLRPGGKKK","RLRPGGKKr","A3"
"23","RLRPGGKKK","RLRPGGKKc","A*03"
"24","RLRPGGKKK","RLRPGGKKh","A3"
"25","RLRPGGKKK","RLRPGGrKK","A*0301"
"26","RLRPGGKKK","RLRPGGKKq","A*0301"
"27","RLRPGGKKKY","RLRPGGrKKY","B62"
"28","RLRPGGKKKY","RLRPGGKKqY","A30"
"29","RLRPGGKKKY","RLRPGGKKrY","A30"
"30","RLRPGGKKKY","RLRPGGKKhY","A3"
"31","RLRPGGKKKY","RLRPGGKKrY","A3"
"32","RLRPGGKKKY","RLRPGGKKqY","A3"
"33","RLRPGGKKHY","kLRPGGKKHY","B*4201"
"34","RLRPGGKKHY","RLRPGGKKrY","B*4201"
"35","RLRPGGKKHY","RLRPGGKKqY","B*4201"
"36","RLRPGGKKRYRL","RLRPGGKKkYRL",""
"37","LRPGGKKKYRLKHLV","LRPGGKKKYkLKHLV",""
"38","LRPGGKKKYKLKHIV","LRPGGKKqYKLKHIV","B*08"
"39","LRPGGKKKYKLKHIV","LRPGGKKrYKLKHIV",""
"40","LRPGGKKKYKLKHIV","LRPGGKKKYrLKHIV",""
"41","RPGGKKHY","RPGGKKkY","B42, B7"
"42","RPGGKKHY","RPGGKKqY","B42, B7"
"43","RPGGKKKKYK","RPGGKKKrYK","B7"
"44","RPGGKKKKYK","RPGGKKKKYr","B7"
"45","RPGGKKHYM","RPGGKKrYM","B*4201, B*4202"
"46","RPGGKKHYM","RPGGKKHYk","B*4201, B*4202"
"47","RPGGKKHYM","RPGGKKHYr","B*4201, B*4202"
"48","RPGGKKKYKL","RPGGnKKYKL","Cw4"
"49","PGGKKRYRLKHL","PGGKKkYRLKHL",""
"50","GGKKKYKL","GGKKKYKm","B8"
"51","GGKKKYKL","GGKKKYKf","B8"
"52","GGKKKYKL","GGKKKYrL","B8"
"53","GGKKKYKL","GGKKKYqL","B8"
"54","GGKKKYKL","GGsKKYKL","B8"
"55","GGKKKYKL","GGrKKYKL","B*0801"
"56","GGKKKYKL","GGKKqYKL","B8"
"57","GGKKKYKL","GGrKKYKL","B8"
"58","GGKKKYKLK","GGrKKYKLK","B8"
"59","GGKKKYKLKHIV","GGKKKYKLKHIi","B8"
"60","GGKKKYKLKHIV","GrKKKYKLKHIV","B8"
"61","GGKKKYKLKHIV","GGKKKYqLKHIV","B8"
"62","KKHYMLKHIVWASRE","KKHYMLKHlVWASRE",""
"63","KYKLKHIVW","qYKLKHIVW","A24"
"64","KYKLKHIVW","qYKLKHIVW","A24"
"65","KYRLKHLVW","KYkLKHLVW",""
"66","KYKLKHIVW","qYKLKHIVW","A*23"
"67","KYKLKHIVW","KYrLKHIVW","A*2402"
"68","GLLETSEGCKQIMKQL","GLLETaEGCKQIMKQL","A*6802"
"69","KQIMKQLQPALQTGT","KQIiKQLQPALQTGT",""
"70","GSEELRSLY","GSEELRSLf","A*01"
"71","GSEELRSLY","GSEELRSLc","A*01"
"72","GTEELRSLY","GTEELRSLf","A*0101"
"73","GSEELKSLY","GSEELrSLY","A*01"
"74","ELRSLYNTV","ELRSLYNTi","B*08"
"75","ELRSLYNTV","ELkSLYNTV","B8"
"76","ELKSLFNTV","ELKSLyNTV","B8"
"77","ELKSLYNTV","ELrSLYNTV","B*08"
"78","ELKSLYNTVATLYCV","ELrSLYNTVATLYCV",""
"79","RSLFNTVATLY","RSLyNTVATLY",""
"80","RSLYNTVATLY","kSLYNTVATLY","A*3002"
"81","RSLYNTVATLY","RSLYNTiATLY","A*0201, A*3002"
"82","RSLYNTVATLY","RSLYNTVAvLY","A*0201, A*3002"
"83","RSLYNTVATLY","RSLfNTVATLY","A*0201, A*3002"
"84","RSLYNTVATLY","kSLYNTVATLY","A*0201, A*3002"
"85","RSLYNTVATLY","RSLYNTVATLc","A*3002"
"86","SLYNTIATL","SLYNTIAvL","A*0201"
"87","SLYNTVATL","SLYNTVAvL","A*02"
"88","SLYNTVATL","SLfNTVATL","A*02"
"89","SLYNTVATL","SLfNTVATL","A2"
"90","SLYNTVATL","SLYNlVATL","A2"
"91","SLYNTVATL","SLfNTVATL","A*0201"
"92","SLYNTVATL","SLfNTVATL","A2"
"93","SLFNTVATL","SLyNTVATL","A*0201"
"94","SLYNTVATL","SLYNTVAvL",""
"95","SLYNTVATL","SLYNTiATL",""
"96","SLYNTVATL","SLYNTVAvL","A2"
"97","SLYNTVATL","SLfNTVATL","A*0201"
"98","SLYNTVATL","SLhNTVATL","A*0201"
"99","SLYNTVATL","SLlNTVATL","A*0201"
"100","SLYNTVATL","SLYNTVAvL","A*0201"
"101","SLYNTVATL","SLYNTiATL","A*0201"
"102","SLYNTVATL","SLfNTVATL","A2"
"103","SLYNTVATL","SLYNTVAvL","A2"
"104","SLYNTVATL","SLfNTVATL","A2"
"105","SLYNTVATL","SLYNTiATL","A2"
"106","SLYNTVATL","SLYNTVAvL","A2"
"107","SLYNTVATL","SLYNaVATL","A2"
"108","SLYNTVATL","SLYNTiATL","A2"
"109","SLYNTVATL","SLYNTVAvL","A2"
"110","SLYNTVATL","SLfNTVATL","A2"
"111","SLYNTVATL","SLYNaVATL","A2"
"112","SLYNTVATL","SLYNTVsTL","A2"
"113","SLYNTVATL","SLfNTVATL","A*0201"
"114","SLYNTVATL","SLYNTVvTL","A*0201"
"115","SLYNTVATL","SLYNTVAvL","A*0201"
"116","SLYNTVATL","SLfNTVATL","A2"
"117","SLYNTVATL","SLYNTiATL","A2"
"118","SLYNTVATL","SLYNTVAaL","A2"
"119","SLYNTVATL","lLYNTVATL","A2"
"120","SLYNTVATL","SLYNTVAsL","A2"
"121","SLYNTVATL","SLYNTpATL","A2"
"122","SLYNTVATL","SLfNTVATL","A2"
"123","SLYNTVATL","SLYNTiATL","A2"
"124","SLYNTVATL","SvYNTVATL","A2"
"125","SLYNTVATL","SLYNTiATL","A*02"
"126","SLFNTVATL","SLyNTVATL","A2"
"127","SLYNTVATL","SLfNTVATL","A2"
"128","SLYNTVATL","SLaNTVATL","A2"
"129","SLYNTVATL","SLYaTVATL","A2"
"130","SLYNTVATL","SLYNaVATL","A2"
"131","SLYNTVATL","SLYNTaATL","A2"
"132","SLYNTVATL","SLYNTVAaL","A2"
"133","SLYNTVATL","SLYNTiATL","A2"
"134","SLYNTVATL","SLYNTVAvL","A2"
"135","SLYNTVATL","SLfNTVATL","A2"
"136","SLYNTVATL","SLYNsVATL","A2"
"137","SLYNTVATL","SLYqTVATL","A2"
"138","SLYNTVATL","SLYlTVATL","A2"
"139","SLYNTVATL","aLYNTVATL","A2"
"140","SLYNTVATL","SLaNTVATL","A2"
"141","SLYNTVATL","SLYaTVATL","A2"
"142","SLYNTVATL","SLYNTaATL","A2"
"143","SLYNTVATL","SLYNTVAaL","A2"
"144","SLYNTVATL","SLYNvVATL","A2"
"145","SLYNTVATL","SLfNTVATL","A*0201"
"146","SLYNTVATL","SLYNTiATL","A*0201"
"147","SLFNTVATL","SLyNTVATL","A2"
"148","SLYNTVATL","SLfNTVATL","A*0202, A2"
"149","SLYNTVATL","SLfNTVATL","A2"
"150","SLYNTVATL","SLYNTVAvL","A2"
"151","SLYNTVATL","SLfNTVATL","A2"
"152","SLYNTVATL","SLYNTVAvL","A2"
"153","SLYNTVATL","SLYNTVATi","A2"
"154","SLYNTVATL","SLYNTiATL","A*02"
"155","SLYNTVATL","SLfNTVATL","A*02"
"156","SLYNTVATL","SLhNTVATL","A*02"
"157","SLYNTVATL","SLfNTVATL","A2"
"158","SLYNTVATL","SLYNTiATL","A2"
"159","SLYNTVATL","SLYNTVAaL","A2"
"160","SLYNTVATL","SLYNTiATL","A*0201"
"161","SLYNTVATL","SvYNTVATL","A*0201"
"162","SLYNTVATL","SLYNlVATL","A*0201"
"163","SLYNTVATL","SLYNaVATL","A2"
"164","SLYNTVATL","SLYNTVAvL","A2"
"165","SLYNTVATL","SvYNTVATL","A2"
"166","SLYNTVATL","SLfNTVATL","A*0201"
"167","SLYNTVATL","SLYNTiATL","A*0201"
"168","SLYNTVATL","SLfNTVATL","A*0201"
"169","SLYNTVATL","SLYNTiATL","A*0201"
"170","SLYNTVVTL","SLYNTVaTL","A*0201"
"171","SLYNTVATL","SLYNTVAvL","A*02"
"172","SLYNTVATL","SLfNTVATL","A*02"
"173","SLYNTVATL","SLYNTiATL","A*02"
"174","SLYNTVATL","SLYNTVAvL","A*0201"
"175","SLYNTVATL","SLfNTVATL","A*0201"
"176","SLYNTVATL","SLYNTiATL","A*0201"
"177","SLYNTVATL","SLfNTVATL","A2"
"178","SLYNTVATL","SLsNTVATL","A2"
"179","SLYNTVATL","SLlNTVATL","A2"
"180","SLYNTVATL","SLcNTVATL","A2"
"181","SLYNTVATL","SLYNTiATL","A2"
"182","SLYNTVATL","SLfNTVATL","A*0201"
"183","SLYNTVATL","SLYNTiATL","A*0201"
"184","SLYNTVATL","SLYNTVAvL","A*0201"
"185","SLFNTVATL","SLFNTVAAL","A*0201"
"186","SLFNTVATL","SLFNTVATP","A*0201"
"187","SLFNTVATL","SLFSTVATL","A*0201"
"188","SLFNTVATL","SLFNTIATL","A*0201"
"189","SLFNTVATL","SLYNTVATL","A*0201"
"190","SLYNTVATLY","SLYNTVAvLY","A*02"
"191","SLYNTVATLY","SLYNTiATLY","A*02"
"192","SLYNTVATLY","SLfNTVATLY","A*02"
"193","SLYNTVATLYCVHQR","SLfNTVATLYCVHQR","A*0201, A*3002"
"194","LFNTVATLY","LyNTVATLY",""
"195","YNIVATLWCVHQ","YNtVATLWCVHQ",""
"196","NTVATLYCV","NTVAvLYCV","A2"
"197","NTVATLYCV","NTVATiYCV","A2"
"198","IAVLYCVHQR","IvVLYCVHQR","A*11"
"199","VATLYCVHQRI","VvTLYCVHQRI","A*11"
"200","TLYCVHQR","TLYCVHQk","A*1101"
"201","TLYCVHQR","TLwCVHQR","A*1101"
"202","TLYCVHQR","TLYCVHeR","A*1101"
"203","TLYCVHQR","TLYCVHQk","A11"
"204","TLYCVHQR","TLYCVHQq","A11"
"205","TLYCVHQR","TLYCVHeR","A11"
"206","EVKDTKEAL","dVKDTKEAL","B*08"
"207","EVKDTKEAL","EiKDTKEAL","B*08"
"208","EVKDTKEAL","kVKDTKEAL","B*08"
"209","EVKDTKEAL","EVKDTKgAL","B*08"
"210","EIKDTKEAL","EvKDTKEAL","B8"
"211","EIKDTKEAL","EIlDTKEAL","B8"
"212","EVKDTKEAL","dVKDTKEAL","B*0801"
"213","EIKDTKEAL","dIKDTKEAL","B8"
"214","EIKDTKEAL","EvKDTKEAL","B*08"
"215","AADTGNSSQ","AADTGNgSQ",""
"216","AADTGNSSQ","eADTGNSSQ",""
"217","AADTGNSSQ","AADTkNSSQ",""
"218","AADTGNSSQ","AADTrNSSQ",""
"219","AADTGNSSQ","AADTGNSSk",""
"220","AADTGNSSQ","AADTGsSSQ",""
"221","AADTGNSSQ","AAgTGNSSQ",""
"222","AADTGNSSQ","AADTeNSSQ",""
"223","NSSQVSQNY","NSSkVSQNY",""
"224","NSSQVSQNYP","NgSQVSQNYP",""
"225","NSSQVSQNYP","NSSQaSQNYP",""
"226","NSSQVSQNYP","sSSQVSQNYP",""
"227","NSSQVSQNYP","NSSQdSQNYP",""
"228","NSSQVSQNYP","NSSQgSQNYP",""
"229","NSSQVSQNYP","kSSQVSQNYP",""
"230","NSSQVSQNYP","NSSkVSQNYP",""
"231","SQNYPIVQNIQ","SQNYPIVQNaQ",""
"232","GQMVHQAI","GQMVHQpI","B*4801"
"233","GQMVHQAISPRTLN","GQMVHQpISPRTLN","A3, Cw3"
"234","QMVHQSLSPRTLNAW","QMVHQaLSPRTLNAW",""
"235","HQPISPRTL","HQaISPRTL",""
"236","QAISPRTLNAW","QAlSPRTLNAW","A*2501"
"237","QAISPRTLNAW","QAlSPRTLNAW","A*2501"
"238","ISPRTLNAW","lSPRTLNAW","B*5701"
"239","ISPRTLNAW","ItPRTLNAW","B*5701"
"240","ISPRTLNAW","IlPRTLNAW","B*5701"
"241","AISPRTLNAWV","pISPRTLNAWV","B*57"
"242","AISPRTLNAWV","AlSPRTLNAWV","B*57"
"243","ISPRTLNAW","lSPRTLNAW","B57"
"244","ISPRTLNAW","pSPRTLNAW","B57"
"245","ISPRTLNAW","lSPRTLNAW","B57, B*5801"
"246","ISPRTLNAW","lSPRTLNAW","B58"
"247","ISPRTLNAW","lSPRTLNAW","B57, B58"
"248","ISPRTLNAW","lSPRTLNAW","B*57"
"249","ISPRTLNAW","lSPRTLNAW","B57"
"250","ISPRTLNAW","lSPRTLNAW","B*5701"
"251","ISPRTLNAW","ISaRTLNAW","B*5701"
"252","ISPRTLNAW","ISPkTLNAW","B*5701"
"253","ISPRTLNAW","IaPRTLNAW","B*5701"
"254","ISPRTLNAW","mSPRTLNAW","B*5701"
"255","ISPRTLNAW","mSPRTLNAW","B57"
"256","ISPRTLNAW","lSPRTLNAW","B57"
"257","ISPRTLNAW","mSPRTLNAW","B*5701"
"258","ISPRTLNAW","vSPRTLNAW","B*5701"
"259","ISPRTLNAW","ISaRTLNAW","B*5701"
"260","ISPRTLNAW","lSPRTLNAW","B*5701"
"261","ISPRTLNAW","lSPRTLNAW","B*5701"
"262","ISPRTLNAW","lSPRTLNAW","B*57"
"263","ISPRTLNAW","lSPRTLNAW","B*57"
"264","ISPRTLNAW","lSPRTLNAW","B*57"
"265","ISPRTLNAW","lSPRTLNAW","B*5701"
"266","ISPRTLNAW","lSPRTLNAW","B*57"
"267","ISPRTLNAW","lSPRTLNAW","B*5701"
"268","ISPRTLNAW","ItPRTLNAW","B*5701"
"269","ISPRTLNAW","IaPRTLNAW","B*5701"
"270","ISPRTLNAW","IlPRTLNAW","B*5701"
"271","ISPRTLNAWVKV","lSPRTLNAWVKV",""
"272","SPRTLNAWV","SPRTLDAWV","B*0702"
"273","SPRTLNAWV","SPRALNAWV","B*0702"
"274","SPRTLNAWV","PPRTLNAWV","B*0702"
"275","SPRTLNAWV","SPRPLNAWV","B*0702"
"276","SPRTLNAWV","SPRTLSAWV","B*0702"
"277","EKIRLRPGGKKKYKL","EKIRLRPGGKKKYqL",""
"278","TLNAWVKVV","TLNAWVKVi","A2"
"279","TLNAWVKVV","TLNAWVKaV","A2"
"280","TLNAWVKLV","TLNAWVKLi","A*0201"
"281","TLNAWVKVV","TLDAWVKVV","A*0201"
"282","TLNAWVKVV","ALNAWVKVV","A*0201"
"283","TLNAWVKVV","PLNAWVKVV","A*0201"
"284","TLNAWVKVV","TLSAWVKVV","A*0201"
"285","NAWVKVVEEKA","NAWVKViEEKA",""
"286","VKVVEEKAF","VKViEEKAF","B*1503"
"287","KAFSPEVIPMF","KAFSPEVIPMs","B*5701"
"288","KAFSPEVIPMF","KAFSPEVIPMt","B*5701"
"289","KAFSPEVIPMF","KAFSPEiIPMF","B*5701"
"290","KAFSPEVIPMF","KAsSPEVIPMF","B*5701"
"291","KAFSPEVIPMF","KnFSPEVIPMF","B*5703"
"292","KAFSPEVIPMF","rAFSPEVIPMF","B*5703"
"293","KAFSPEVIPMF","KnFSPEVIPMF","B*5701, B*5703"
"294","KAFSPEVIPMF","KsFSPEVIPMF","B*5701, B*5703"
"295","KAFSPEVIPMF","KgFSPEVIPMF","B*5701, B*5703"
"296","KAFSPEVIPMF","KAlSPEVIPMF","B*5701, B*5703"
"297","KAFSPEVIPMF","KAFSPEVIPvF","B*5701, B*5703"
"298","KAFSPEVIPMF","KAFSPEiIPMF","B*5701, B*5703"
"299","KAFSPEVIPMF","KAFSqEVIPMF","B*5701, B*5703"
"300","KAFSPEVIPMF","KvFSPEVIPMF","B57"
"301","KAFSPEVIPMF","eAFSPEVIPMF","B57"
"302","KAFSPEVIPMF","KtFSPEVIPMF","B57"
"303","KAFSPEVIPMF","KgFSPEVIPMF","B*57"
"304","KAFSPEVIPMF","KsFSPEVIPMF","B*5701"
"305","KAFSPEVIPMF","rAFSPEVIPMF","B*5701"
"306","KAFSPEVIPMF","KnFSPEVIPMF","B*5701"
"307","KAFSPEVIPMF","KgFSPEVIPMF","B*5701"
"308","KAFSPEVIPMF","KAFSPEiIPMF","B*5701"
"309","KAFSPEVIPMF","KAFnPEVIPMF","B*5701"
"310","KAFSPEVIPMF","KAFSPgVIPMF","B*5701"
"311","KAFSPEVIPMF","KgFSPEVIPMF","B*5701, B*5703"
"312","KAFSPEVIPMF","KnFSPEVIPMF","B*5701, B*5703"
"313","KAFSPEVIPMF","KsFSPEVIPMF","B*5701, B*5703"
"314","KAFSPEVIPMF","KAFSPEiIPMF","B*5701, B*5703"
"315","KAFSPEVIPMF","KAFnPEVIPMF","B*5701, B*5703"
"316","KAFSPEVIPMF","rAFSPEVIPMF","B*5701, B*5703"
"317","KAFSPEVIPMF","KAFSPkVIPMF","B*5701, B*5703"
"318","KAFSPEVIPMF","KAlSPEVIPMF","B*5701, B*5703"
"319","KAFSPEVIPMF","KAFSPEVIPvF","B*5701, B*5703"
"320","KAFSPEVIPMF","KAFSqEVIPMF","B*5701, B*5703"
"321","KAFSPEVIPMF","KAFSPEaIPMF","B*5701, B*5703"
"322","KAFSPEVIPMF","KnFSPEVIPMF","B*57"
"323","KAFSPEVIPMF","KnFSPEVIPMF","B*57"
"324","KAFSPEVIPMF","KAFSPEiIPMF","B*57"
"325","KAFSPEVIPMF","KAFnPEVIPMF","B*57"
"326","KAFSPEVIPMF","KAFSPEVIPMs","B*5701"
"327","KAFSPEVIPMF","KAFSPEVIPMt","B*5701"
"328","KAFSPEVIPMF","KAFSPEiIPMF","B*5701"
"329","KAFSPEVIPMF","KAsSPEVIPMF","B*5701"
"330","AFSPEVIPMFSALSEGA","AFSPEVIPMFtALSEGA",""
"331","FSPEVIPMF","FnPEVIPMF","Mamu A*01"
"332","FSPEVIPMF","FSPEiIPMF","Mamu A*01"
"333","FSPEVIPMF","qSPEVIPMF","Mamu A*01"
"334","FSPEVIPMF","FSPqVIPMF","Mamu A*01"
"335","EVIPMFSAL","EVIPMFaAL","A*2601"
"336","EVIPMFSAL","EVIPMFtAL","A*2601"
"337","EVIPMFSAL","EVIPMFaAL","A*2601, A*2603"
"338","EVIPMFSAL","EVIPMFtAL","A*2601, A*2603"
"339","EVIPMFSAL","kVIPMFSAL","A*2601, A*2603"
"340","EVIPMFSAL","EiIPMFSAL","A*2601, A*2603"
"341","EVIPMFSAL","EVIPvFSAL","A*2601, A*2603"
"342","EVIPMFSAL","gVIPMFSAL","A*2601, A*2603"
"343","EVIPMFSAL","EgIPMFSAL","A*2601, A*2603"
"344","EVIPMFSAL","EVIPMFpAL","A*2601, A*2603"
"345","VIPMSFAL","VIPMtFAL","Cw*0102"
"346","VIPMFSALSEGATPQDLN","VIPMFtALSEGATPQDLN",""
"347","PMFSALSEGATPQDLNTM","PMFtALSEGATPQDLNTM",""
"348","SALSEGATPQDLNTMLNTVG","tALSEGATPQDLNTMLNTVG",""
"349","TPQDLNMML","TPQDLNtML","B*4202"
"350","TPQDLNMML","TPQDLNtML","B53"
"351","TPQDLNTML","TPeDLNTML","B*8101"
"352","TPQDLNTML","TPQDLNmML","B*8101"
"353","TPQDLNTML","TPQDLNaML","B*8101"
"354","TPQDLNTML","TPaDLNTML","B*8101"
"355","TPQDLNTML","TPrDLNTML","B*8101"
"356","TPQDLNTML","TPgDLNTML","B*8101"
"357","TPQDLNTML","TPQDLNTfL","B*8101"
"358","TPQDLNTML","TPQDLNmML","B42, B7, B81"
"359","TPQDLNTML","TPQDLNsML",""
"360","TPQDLNTML","TPtDLNTML",""
"361","TPQDLNTML","TPsDLNTML",""
"362","TPQDLNTML","TPpDLNTML",""
"363","TPQDLNTML","TPaDLNTML",""
"364","TPQDLNTML","TPvDLNTML",""
"365","TPQDLNTML","TPhDLNTML",""
"366","TPQDLNTML","TPQDLNmML",""
"367","TPQDLNTML","TsQDLNTML",""
"368","TPQDLNTML","TPeDLNTML",""
"369","TPQDLNTML","TPgDLNTML",""
"370","TPQDLNTML","nPQDLNTML",""
"371","TPQDLNTML","TPQDLyTML",""
"372","TPQDLNTML","TPQDLNTfL",""
"373","TPQDLNTML","TPQDLNTvL",""
"374","TPQDLNTML","aPQDLNTML",""
"375","TPQDLNTML","TPQDmNTML","B*81"
"376","TPQDLNTML","TPQDsNTML","B*81"
"377","TPQDLNTML","TPQDyNTML","B*81"
"378","TPQDLNQMLNTV","TPQDLNtMLNTV","B58"
"379","VGGHQAAMQMLKETINEEAAEWDR","VGGHQAAMQMLKdTINEEAAEWDR",""
"380","GHQAAMQMLKETINEEAA","GHQAAMQMLKdTINEEAA",""
"381","ANQMLKDTI","ANQMLKeTI","H-2<sup>d</sup>"
"382","AMQMLKDTI","AMQMLKeTI","H-2K<sup>d</sup>"
"383","AMQMLKDTI","AMQiLKDTI","H-2K<sup>d</sup>"
"384","MQMLKDTINEEAAE","MQMLKeTINEEAAE",""
"385","LKETINEEAAEWDRLHPV","LKdTINEEAAEWDRLHPV",""
"386","ETINEEAAEW","ETINdEAAEW","A25"
"387","ETINEEAAEW","dTINEEAAEW","B53, B58"
"388","ETINEEAAEW","dTINEEAAEW","A*2501"
"389","ETINEEAAEW","ETINdEAAEW","A*2501"
"390","DTINEEAAEW","eTINEEAAEW","B53"
"391","ETINEEAAEW","ETINdEAAEW","A*2501"
"392","EEAAEWDRV","EEAAEWDRl","B*40"
"393","AAEWDRLHPV","AAEWDRmHPV",""
"394","AAEWDRLHPV","AAEWDRaHPV",""
"395","AAEWDRLHPV","AAEWDRqHPV",""
"396","AAEWDRLHPV","AAEWDRsHPV",""
"397","AAEWDRLHPV","AAEWDRtHPV",""
"398","AAEWDRLHPV","AAEWDRvHPV",""
"399","AAEWDRLHPV","AAEWDRiHPV",""
"400","AEWDRLHPV","AEWgRLHPV","A2"
"401","AEWDRVHPV","AEWDRlHPV","B*40"
"402","DRLHPVHAGPIAPGQ","DRvHPVHAGPIAPGQ",""
"403","DRLHPVHAGPAAPGQMREPR","DRLHPVHAGPiAPGQMREPR",""
"404","VHPVHAGPIA","lHPVHAGPIA","B55"
"405","HPVHAGPVA","HPVqAGPVA","B7 supertype"
"406","HPVHAGPVA","HPVHAGPiA","B7 supertype"
"407","HPVHAGPVA","HPVHAGPVp","B7 supertype"
"408","HPVHAGPVA","HPaHAGPVA","B7 supertype"
"409","HPVHAGPVA","HPVaAGPVA","B7 supertype"
"410","HPVHAGPVA","HPVHvGPVA","B7 supertype"
"411","HPVHAGPVA","HPVHAaPVA","B7 supertype"
"412","HPVHAGPIA","HPVHAGPvA","B*07"
"413","PRGSDIAGTTSTLQEQIGW","PRGSDIAGTTSTpQEQIGW",""
"414","PRGSDIAGTTSTLQEQIGW","PRGSDIAGTTSTLQEQIaW",""
"415","GTTSTLQEQIAWMTS","GTTSTLQgQIAWMTS",""
"416","GTTSTLQEQIAWMTS","GTTSTLQEQIgWMTS",""
"417","TTSTLQEQIA","TTSTLQEQvA","A*6802"
"418","TSTLQEQIGW","TSTLrEQIGW","B*5701"
"419","TSTLQEQIGW","TSTLQEQIeW","B*5701"
"420","TSTLQEQIGW","TSnLQEQIGW","B*5701"
"421","TSTLQEQIGW","TSsLQEQIGW","B*5701"
"422","TSTLQEQIGW","TSTLQEQIaW","B*5701"
"423","TSTLQEQIGW","TSnLQEQIGW","B57"
"424","TSTLQEQIGW","TSTLQEQIaW","B57, B*5801"
"425","TSTLQEQIGW","TSnLQEQIGW","B*57, B*58"
"426","TSTLQEQIGW","TSTpQEQIGW","B*57, B*58"
"427","TSTLQEQIAW","TSnLQEQIAW","B*5703, B*5801"
"428","TSTLQEQIAW","TSTpQEQIAW","B*5703, B*5801"
"429","TSTLQEQIAW","TSTtQEQIAW","B*5703, B*5801"
"430","TSTLQEQIAW","TSsLQEQIAW","B*5703, B*5801"
"431","TSTLQEQIAW","TSTLQEQIrW","B*5703, B*5801"
"432","TSTLQEQIAW","TSTLaEQIAW","B*5703, B*5801"
"433","TSTLQEQIAW","TSTLQEQvAW","B*5703, B*5801"
"434","TSTLQEQIAW","TSTLQEQmAW","B*5703, B*5801"
"435","TSTLQEQIGW","TSnLQEQIGW","B57, B*5801"
"436","TSTLQEQIGW","TSTLQEQIaW","B57, B*5801"
"437","TSTLQEQIAW","TSnLQEQIAW","B57"
"438","TSTLQEQIAW","TSTLQEQIgW","B57"
"439","TSTLQEQIAW","TSTLQEQmAW","B57"
"440","TSTLQEQIAW","TSTLQEQItW","B57"
"441","TSTLQEQIAW","TSTLQEQIiW","B57"
"442","TSTLQEQIAW","TSTLQEQIqW","B57"
"443","TSTLQEQIAW","TSTLQEQvAW","B57"
"444","TSTLQEQIAW","TSsLQEQIAW","B57"
"445","TSTLQEQIAW","TSTLaEQIAW","B57"
"446","TSTLQEQIAW","TSTLQEQIdW","B57"
"447","TSTLQEQIAW","TSTLQdQIAW","B57"
"448","TSTLQEQIAW","TSTLQEQIeW","B57"
"449","TSTLQEQIGW","TSTLQEQIaW","B57, B58"
"450","TSTLQEQIGW","TSTpQEQIGW","B57, B58"
"451","TSTLQEQIGW","TSTLQEQIaW","B57, B58"
"452","TSTLQEQIGW","TSTLQEQIaW","B*57, B*5801"
"453","TSTLQEQIGW","TSTLQEQIdW","B*57, B*5801"
"454","TSTLQEQIGW","TSTLpEQIGW","B*57, B*5801"
"455","TSTLQEQIGW","TSnLQEQIGW","B*57, B*5801"
"456","TSTLQEQIGN","TSnLQEQIGN","B*5701"
"457","TSTLQEQIAW","TSTLQEQItW","B57"
"458","TSTLQEQIAW","TSnLQEQIAW","B57"
"459","TSTLQEQIGW","TSnLQEQIGW","B57, B*5801"
"460","TSTLQEQIGW","TSsLQEQIGW","B57, B*5801"
"461","TSTLQEQIGW","TSnLQEQIGW","B57"
"462","TSTLQEQVGW","TSTLQEQiGW","B*5701"
"463","TSTLQEQVGW","TSTLQEQVeW","B*5701"
"464","TSTLQEQIGW","TnTLQEQIGW","B*5701"
"465","TSTLQEQIGW","TSTLQEQIeW","B*5701"
"466","TSTLQEQIGW","TSnLQEQIGW","B*57, B*5801"
"467","TSTLQEQIGW","TSTLQEQIaW","B*5701"
"468","TSTLQEQIGW","TSTLQEQIaW","B*57"
"469","TSTLQEQIGW","TSTLQEQItW","B*57"
"470","TSTLQEQIGW","TSTLQEQIeW","B*57"
"471","TSTLQEQIGW","TSTLQEQIdW","B*57"
"472","TSTLQEQIGW","TSTLQEQInW","B*57"
"473","TSTLQEQIGW","TSnLQEQIGW","B*57"
"474","TSTLQEQIGW","TSTLQEQIdW","B*57"
"475","TSTLQEQIGW","TSnLQEQIGW",""
"476","TSTPQEQIGW","TSTPtEQIGW","B*57"
"477","TSTPQEQIGW","TSTPQEQlGW","B*57"
"478","TSTPQEQIGW","TSTlQEQIGW","B*57"
"479","TSTLQEQIGW","TSnLQEQIGW","B*57"
"480","TSTLQEQIGW","TSTLQEQIeW","B*5703"
"481","TSTLQEQIGW","TSnLQEQIGW","B*5703"
"482","TSTLQEQIGW","TSnLQEQIGW","B57"
"483","TSTLQEQIGW","TSTLQEQIaW","B57"
"484","TSTLQEQIGW","TSTpQEQIGW","B57"
"485","TSTLQEQIGW","TSnLQEQIGW","B*57"
"486","TSTLQEQIGW","TSTLQEQIaW","B*57"
"487","TSTLQEQIGW","TSTLQEQIdW","B*57"
"488","TSTLQEQIAW","TSTLpEQIAW","B*5801"
"489","TSTLQEQIAW","TSTLQEeIAW","B*5801"
"490","TSTLQEQIAW","TSTLQEQItW","B*5801"
"491","TSTLQEQIAW","TSTLQEQvAW","B*5801"
"492","TSTLQEQIAW","TSTLtEQIAW","B*5801"
"493","TSTLQEQIAW","TSnLQEQIAW","B*5801"
"494","TSTLQEQIGW","TSnLQEQIGW","B*5701"
"495","TSTLQEQIGW","TSTLQEQIeW","B*5701"
"496","TSTLQEQVGW","TSTLQEQiGW","B*5701"
"497","TSTLQEQVGW","TSTLQEQVeW","B*5701"
"498","TSTLQEQIGW","TSTLQEQIdW","B*5701"
"499","TSTLQEQIGW","TSTLQEQIaW","B*57, B*5801"
"500","TSTLQEQIGW","TSTLQEQIdW","B*57, B*5801"
"501","TSTLQEQIGW","TSTLQEQIaW","B*57"
"502","TSTLQEQIGW","TnTLQEQIGW","B*57"
"503","TSTLQEQIGW","TSnLQEQIGW","B*5701, B*58"
"504","TSTLQEQIGW","TSTLQEQIeW","B*5701, B*58"
"505","TSTLQEQIGW","TiTLQEQIGW","B*5701, B*58"
"506","TSTLQEQIGW","TSTLrEQIGW","B*5701"
"507","TSTLQEQIGW","TSsLQEQIGW","B*5701"
"508","TSTLQEQIGW","TSnLQEQIGW","B*5701"
"509","TSTLQEQIGW","TSTLQEQIaW","B*5701"
"510","STLQEQIGW","STLQEQIaW","B58"
"511","TLQEQIGWM","sLQEQIGWM","A2"
"512","TLQEQIGWM","TLQEQIaWM","A2"
"513","TLQEQIGWM","nLQEQIGWM","A2"
"514","MTSNPPIPV","MTnNPPIPV","A*0201"
"515","MTSNPPIPV","MTSNPPvPV","A*0201"
"516","MTSNPPIPV","MTSNPaIPV","A*0201"
"517","MTSNPPIPV","MTgNPPIPV","A*0201"
"518","MTSNPPIPV","MTaNPPIPV","A*0201"
"519","MTSNPPIPV","MThNPPIPV","A*0201"
"520","MTNNPPIPV","MThNPPIPV","A2"
"521","NPPIPVGDIY","NPPIPVGeIY","B*3501"
"522","NPPIPVGEIY","NPPIPVGdIY","B*3501"
"523","NPPIPVGEIYKRWII","NPPIPVGdIYKRWII","B8"
"524","NPPIPVGEIYKRWIILGLNK","NPPIPVGEIYKRWIImGLNK",""
"525","PPIPVGEIY","PPIPVGdIY","B35"
"526","PPIPVGEIY","PPIPVGdIY",""
"527","PPIPVGDIYKRWIIL","PPIPVGeIYKRWIIL",""
"528","GDIYKRWII","GeIYKRWII","B*0801"
"529","GEIYKRWII","GdIYKRWII","B8"
"530","GEIYKRWII","GEIYKRWIv","B*0801"
"531","GEIYKRWII","GdIYKRWII","B*0801"
"532","GEIYKRWII","GdIYKRWII",""
"533","GEIYKRWII","GEIYKRWIv",""
"534","GEIYKRWII","GEIYKaWII",""
"535","GEIYKRWII","GEIYaRWII",""
"536","GEIYKRWII","GEIaKRWII",""
"537","GEIYKRWII","GEIYrRWII",""
"538","EIYKRWII","dIYKRWII","B8"
"539","EIYKRWII","EvYKRWII","B8"
"540","EIYKRWII","dIYKRWII","B8"
"541","EIYRKWII","EfYRKWII","B8"
"542","EIYRKWII","rIYRKWII","B8"
"543","EIYKRWII","dIYKRWII","B8"
"544","EIYKRWII","dIYKRWII","B8"
"545","EIYKRWII","dIYKRWII","B*08"
"546","EIYKRWII","EIYKRWIv","B*08"
"547","KRWIILGLNK","KgWIILGLNK","B*2705"
"548","KRWIILGLNK","KRWmILGLNK","B27"
"549","KRWIILGLNK","KkWIILGLNK","B27"
"550","KRWIILGLNK","KgWIILGLNK","B27"
"551","KRWIILGLNK","KtWIILGLNK","B27"
"552","KRWIILGLNK","KkWIILGLNK","B*27"
"553","KRWIILGLNK","KRWIImGLNK","B*27"
"554","KRWIILGLNK","KRWIIiGLNK","B*27"
"555","KRWIIMGLNK","KkWIIMGLNK","B27"
"556","KRWIIMGLNK","KRWIIiGLNK","B27"
"557","KRWIIMGLNK","KRWIIlGLNK","B27"
"558","KRWIILGLNK","KkWIILGLNK","B27, B*2705"
"559","KRWIILGLNK","KRWIImGLNK","B27, B*2705"
"560","KRWIILGLNK","KRWIImGLNK","B27"
"561","KRWIILGLNK","KRWIImGLNK","B27"
"562","KRWIILGLNK","KkWIILGLNK","B27"
"563","KRWIILGLNK","KtWIILGLNK","B27"
"564","KRWIILGLNK","KRWIImGLNK","B27"
"565","KRWIILGLNK","KkWIILGLNK","B*2705"
"566","KRWIILGLNK","KRWIImGLNK","B*2705"
"567","KRWIILGLNK","KRWIImGLNK","B*2705"
"568","KRWIILGLNK","KkWIILGLNK","B*2705"
"569","KRWIILGLNK","KtWIILGLNK","B*2705"
"570","KRWIIMGNK","KRWIIlGNK","B27"
"571","KRWIILGLNK","KkWIILGLNK",""
"572","KRWIILGLNK","KRWIImGLNK",""
"573","KRWIILGLNK","KkWIILGLNK","B*2705"
"574","KRWIILGLNK","KRWIImGLNK","B*2705"
"575","KRWIILGLNK","KtWIILGLNK","B*2705"
"576","KRWIILGLNK","KqWIILGLNK","B*2705"
"577","KRWIILGLNK","KgWIILGLNK","B*2705"
"578","KRWIILGLNK","KkWIILGLNK","B27"
"579","KRWIILGLNK","KRWIImGLNK","B27"
"580","KRWIILGLNK","KRWvILGLNK","B27"
"581","KRWIIMGLNK","KRWIIMGmNK","B27"
"582","KRWIILGLNK","KRWIImGLNK","B*2705"
"583","KRWIILGLNK","KkWIILGLNK","B*2705"
"584","KRWIILGLNK","KgWIILGLNK","B*2705"
"585","KRWIILGLNK","KRWIILGLsK","B*2705"
"586","KRWIILGLNK","KRWIILGLhK","B*2705"
"587","KRWIILGLNK","rRWIILGLNK","B*2705"
"588","KRWIILGLNK","KRWIILGLtK","B*2705"
"589","KRWIILGLNK","KRWIImGLNK","B27"
"590","KRWIILGLNK","KkWIILGLNK","B*27"
"591","KRWIILGLNK","KgWIILGLNK","B*27"
"592","KRWIILGLNK","KqWIILGLNK","B*27"
"593","KRWIILGLNK","KRWIImGLNK","B*27"
"594","KRWIILGLNK","KRWIIMGLNK","B*2705"
"595","KRWIILGLNK","KgWIILGLNK","B*27"
"596","KRWIILGLNK","KRWIImGLNK","B*27"
"597","KRWIILGLNK","KRWIImGLNK","B*27"
"598","KRWIILGLNK","KRWIvLGLNK","B*27"
"599","KRWIILGLNK","KRWIImGLNK","B*2705"
"600","KRWIILGLNK","KkWIILGLNK","B*2705"
"601","KRWIILGLNK","KRWIImGLNK","B*27"
"602","KRWIILGLNKIVRMYSPTSI","KRWIILGLNKIVRMYSPvSI",""
"603","KRWIILGLNKIVRMYSPTSI","KRWIILGLNKIVRMYSPvSI",""
"604","IILGLNKI","ImLGLNKI","A2, A3"
"605","ILGLNKIV","ILGLtKIV","A*02, A*03"
"606","ILGLNKIVRMY","IvGLNKIVRMY","B7 supertype"
"607","RMYSPTSI","RMYSPvSI","B52"
"608","RMYSPTSI","RMYSPsSI","B52"
"609","RMYSPTSI","RvYSPTSI","B52"
"610","RMYSPTSIL","RMYSPvSIL","A*02"
"611","RMYSPTSIL","RMYSPgSIL","A*02"
"612","YSPVSILDI","YSPVgILDI","Cw*0102"
"613","YSPVSILDI","YSPtSILDI","Cw*0102"
"614","YSPVSILDI","YSPiSILDI","Cw*0102"
"615","YSPVSILDI","YkPVSILDI","Cw*0102"
"616","YSPVSILDI","YrPVSILDI","Cw*0102"
"617","YSPVSILDI","YcPVSILDI","Cw*0102"
"618","YSPVSILDI","YSPaSILDI","Cw*0102"
"619","YSPTSILDI","YSPvSILDI","Cw*12"
"620","GPKEPFRDYVDRFYKTLR","GPKEPFRDYVDRFfKTLR",""
"621","EPFRDYVDRFF","EPFRDYVDRFy","B81"
"622","FRDYVDRFYK","FRDYVDRFfK","B18"
"623","FRDYVDRFYKTLRAE","FRDYVDRFYKvLRAE",""
"624","FRDYVDRFYKTLRAEQASQE","FRDYVDqFYKTLRAEQASQE",""
"625","RDYVDRFYKTL","RDYVDRFfKTL",""
"626","RDYVDRFFKTL","RDYVDRyFKTL","A*2402"
"627","YVDRFYKTL","YVDRFfKTL","A*0207"
"628","YVDRFFKTL","YVDRFyKTL","A26, B70"
"629","YVDRFFKTL","YVDRFyKTL","B*1510"
"630","YVDRFFKRL","YVDRFyKRL","B*1510, B70"
"631","YVDRFYKTL","YVDRFfKTL",""
"632","YVDRFFKTL","YVDRFFKvL","Cw*03"
"633","YVDRFFKTL","YVDRFFKiL","Cw*03"
"634","YVDRFFKTL","YVDRFFKaL","Cw*03"
"635","YVDRFYKTLRAEQA","YVDRFfKTLRAEQA",""
"636","VDRFYKLTRAEQAS","VDRFYKLTRAEQAt",""
"637","DRFYKTLRA","DRFfKTLRA","B14"
"638","DRFFKTLRA","DRFwKTLRA","B14"
"639","DRFYKTLRA","DRFYrTLRA","B14"
"640","DRFYKTLRA","kRFYKTLRA","B14"
"641","DRFYKTLRA","DRFcKTLRA","B14"
"642","DRFYKTLRA","DRFYKTLgA","B14"
"643","DRFYKLTRA","DRFfKLTRA","B14"
"644","DRFYKTLRA","DRFfKTLRA","B14, B*1402"
"645","DRFWKTLRA","DRFfKTLRA","B14"
"646","DRFYKTLRA","DRFYKiLRA","B14"
"647","DRFYKTLRAE","DRFYKILRAE","B14"
"648","RAEQASQEV","RAEQAtQEV","Cw8"
"649","RAEQASQEV","RAEQASQdV","Cw8"
"650","RAEQASQEV","RAEQAtQEV","Cw8"
"651","AEQASQDVKNW","AEQASQeVKNW","B44"
"652","AEQASQEVKNW","AEQASQdVKNW","B44"
"653","QASQEVKNW","QASQdVKNW","B*5701"
"654","QASQEVKNW","QASQtVKNW","B*5701"
"655","QASQEVKNW","QASkEVKNW","B*5701"
"656","QASQEVKNW","QASQdVKNW","B53, Cw4"
"657","QASQEVKNW","QASQdVKNW","B*5701"
"658","QASQEVKNW","QAtQEVKNW","B*5701"
"659","QASQEVKNW","QAStEVKNW","B*57"
"660","QASQEVKNW","QASQdVKNW","B*57"
"661","QASQEVKNW","QASQEVKsW","B*57"
"662","QASQEVKNW","QAtQEVKNW","B*57"
"663","QASQEVKNW","QASQdVKNW","B*57"
"664","QASQEVKNW","QAtQEVKNW","B*57"
"665","QATQDVKNW","QAsQDVKNW","B*5702, B*5703, B*5801"
"666","QATQDVKNW","QATQeVKNW","B*5702, B*5703, B*5801"
"667","QASQEVKNW","QASQdVKNW","B*57"
"668","QASQEVKNW","QASQdVKNW","B*5701"
"669","QASQEVKNW","QASQtVKNW","B*5701"
"670","ATQEVKNWM","AsQEVKNWM","B53"
"671","VKNWMTETLLV","VKNWMTdTLLV",""
"672","LVQNANPDCKTILRA","LVQNANPDCKsILRA",""
"673","LVQNANPDCKTILRA","LVQNANPDCKTILkA",""
"674","VQNANPDCKTILKAL","VQNANPDCrTILKAL","B8"
"675","NANPDCKTI","NsNPDCKTI","B*5101"
"676","NANPDCKTI","NsNPDCKTI","B*51"
"677","NANPDCKTILKALGP","NsNPDCKTILKALGP",""
"678","ANPDCKTIL","sNPDCKTIL","B7"
"679","ANPDCKTIL","ANPDCKTIs","B7"
"680","DCKTILKAL","DCrTILKAL","B8"
"681","RALGPGATL","RALGaGATL",""
"682","RALGPGATL","RALGqGATL",""
"683","RALGPGATL","RALGsGATL",""
"684","RALGPGATL","RALGtGATL",""
"685","RALGPGATL","RALGvGATL",""
"686","RALGPGATM","RALGtGATM",""
"687","RALGPGATM","RALGvGATM",""
"688","RALGPGATM","RALGsGATM",""
"689","RALGPGATM","RALGqGATM",""
"690","RALGPGATM","RALGaGATM",""
"691","LEEMMTACQGVGGPGHK","LEEMMTACQGVGGPsHK",""
"692","ACQGVGGPGHK","ACQGVGGPsHK","A11"
"693","ACQGVGGPGHK","ACQGVGGPsHK","A*1101"
"694","ACQGVGGPGHK","ACQGVGGPsHK","A11"
"695","ACQGVGGPGHK","ACQGVGGPsHK","A11"
"696","ACQGVGGPSHK","ACQGVGGPgHK",""
"697","ACQGVGGPGHK","ACQGVGGPsHK","A*1101"
"698","ACQGVGGPSHKARIL","ACQGVGGPSHKARvL",""
"699","GVGGPSHK","GVGGPgHK",""
"700","GPSHKARVL","GPgHKARVL","B42, B7, B81"
"701","GPSHKARVL","GPgHKARVL",""
"702","GPSHKARVL","GPgHKARVL","B*0702"
"703","GPSHKARVL","GPgHKARVL","B*0702"
"704","VLAEAMSQV","VLAEAMSQa","A2"
"705","VLAEAMSQV","VLAEAMSQa","A2"
"706","VLAEAMSQV","VLAEAMSQa","A*0201"
"707","VLAEAMSQV","VLAEAMSQt","A*0201"
"708","VLAEAMSQV","VLAEAMSQi","A*0201"
"709","VLAEAMSQV","iLAEAMSQV","A*0201"
"710","VLAEAMSQV","VLAEAMgQV","A*0201"
"711","VLAEAMSQV","VLAEAMSrV","A*0201"
"712","VLAEAMSQV","VLAEAMSkV","A*0201"
"713","VLAEAMSQV","VLAEAMShV","A*0201"
"714","VLAEAMSQV","VLAEAMShV","A2"
"715","VLAEAMSQV","VLAEAMSQa","A2"
"716","VLAEAMSQV","VLAEAMSQm","A2"
"717","CGKEGHIAR","CGKEGHIAk","A*3101"
"718","CGKEGHIAR","CGKEGHlAR","A*3101"
"719","RQANFLGKI","RQANFLGKv","B*13"
"720","RQANFLGKI","RQANFLGrI","B*13"
"721","RQANFLGKI","RQANFLGKm","B*13"
"722","RQANFLGKI","RQANFLGKl","B*13"
"723","FLGKIWPS","FLGKIWsS","A2"
"724","FLGKIWPS","FLGrIWPS","A2"
"725","KELYPLTSL","KELYPLaSL","B*40"
"726","KELYPLTSL","KELYPLaSL",""
"727","KELYPLASLRSLFGNDPS","qELYPLASLRSLFGNDPS",""
"728","NSPTRREL","tSPTRREL","Cw*0102"
"729","NSPTRREL","tSPTRREL","Cw*0102"
"730","ITLWQRPLV","ITLWQRPiV","A2"
"731","ITLWQRPLV","ITLWQRPfV","A2"
"732","QRPLVTIKI","QRPiVTIKI","A*0101"
"733","QRPLVTVKIG","QRPiVTVKIG","B51"
"734","QRPLVTVKIG","QRPLVTVrIG","B51"
"735","VTIKIGGQLK","VaIKIGGQLK","A*1101"
"736","VTIKIGGQLK","VTIKIGGQLr","A*1101"
"737","VTIKIGGQLK","VTvKIGGQLK","A*1101"
"738","VTIKIGGQLK","VTIrIGGQLK","A*1101"
"739","VTIKIGGQLK","VTIKvGGQLK","A*1101"
"740","VTIKIGGQLK","VTIKIeGQLK","A*1101"
"741","VTIKIGGQLK","VTIKIGGQiK","A*1101"
"742","EEMNLPGRW","EEiNLPGRW","B18, B40, B44"
"743","EEMNLPGRW","EEMdLPGRW","B18, B40, B44"
"744","EEMNLPGRW","EdMNLPGRW","B18, B40, B44"
"745","EDMNLPGRW","EeMNLPGRW",""
"746","EEMNLPGRW","EdMNLPGRW","B*4402"
"747","LPGRWKPKMI","LPGRWrPKMI","Cw3"
"748","KMIGGIGGF","KlIGGIGGF","B*1501"
"749","KMIGGIGGF","KMIvGIGGF","B*1501"
"750","KMIGGIGGF","KMIGGvGGF","B*1501"
"751","KMIGGIGGF","KMaGGIGGF","B*1501"
"752","KMIGGIGGF","KiIGGIGGF","B*1501"
"753","KMIGGIGGF","KMvGGIGGF","B*1501"
"754","KMIGGIGGFI","KiIGGIGGFI","A2, B62"
"755","KMIGGIGGFI","KMIGGIGGFv","A2, B62"
"756","KMIGGIGGFI","KvIGGIGGFI","A*0201"
"757","RQYDQIPIEI","RQYDQIlIEI",""
"758","QYDQIPIEI","QYDQIlIEI","Cw*0401"
"759","GKKAIGTVL","GhKAIGTVL",""
"760","VLVGPTPVNI","iLVGPTPVNI","A*0201"
"761","LVGPTPVNI","LVGPTPaNI","A2"
"762","LVGPTPVNI","LVGPTPVNv","A2"
"763","LVGPTPVNI","LVGPTPVNv","A2"
"764","LVGPTPANI","LVGPTPvNI","A*0205"
"765","LVGPTPANI","LVGPTPtNI","A*0205"
"766","LVGPTPANI","LVGPTPANv","A*0205"
"767","VGPTPVNII","VGPTPiNII","H-2D<sup>d</sup>"
"768","TQIGCTLNF","TQlGCTLNF","B*1503"
"769","FPISPIETV","FPISPIdTV","B*5401"
"770","SPIETVPVKL","SsIETVPVKL","B*8101"
"771","SPIETVPVKL","SPIkTVPVKL","B*8101"
"772","SPIETVPVKL","StIETVPVKL","B*8101"
"773","SPIETVPVKL","SPIETVPVmL","B*8101"
"774","IETVPVKL","IdTVPVKL","B*4001"
"775","IETVPVKL","IETVPVrL","B*4001"
"776","GPKVKQWPL","GPrVKQWPL","B8"
"777","GPKVKQWPL","sPKVKQWPL","B8"
"778","GPKVKQWPL","sPKVKQWPL","B8"
"779","GPKVKQWPL","GPrVKQWPL","B8"
"780","GPKVKQWPL","GPrVKQWPL","B8"
"781","GPKVKQWPL","GPeVKQWPL","B8"
"782","GPKVKQWPL","GPeVKQWPL","B8"
"783","ALVEICTEM","ALiEICTEM","A*02"
"784","ALVEICTEM","ALmEICTEM","A*02"
"785","ALVEICTEM","ALtEICTEM","A*02"
"786","ALVEICTEM","ALVEICTEl","A2, A3"
"787","ALVEICTEM","ALiEICTEM","A2"
"788","NTPVFAIKK","NTPVFAIrK","A3 supertype, A*6801"
"789","KLVDFRELNK","KvVDFRELNK","A3"
"790","TVLDVGDAY","TiLDVGDAY","B35"
"791","TVLDVGDAY","TVLDVGDAf","B35"
"792","TVLDVGDAY","TVLDVGDAf","B*35"
"793","TVLDVGDAY","TiLDVGDAY","B*35"
"794","DAYFSVPL","DrYFSVPL","A24, B*5101"
"795","SVPLDKDFRKYTAFTI","SVPLDeDFRKYTAFTI",""
"796","VPLDKDFRKY","VPLDKeFRKY","B35"
"797","VPLDEDFRKY","VPLDkDFRKY","B*3501"
"798","VPLDEDFRKY","VPLhEDFRKY","B35"
"799","VPLDEDFRKY","VPLDkDFRKY","B35"
"800","VPLDEDFRKY","VPhDEDFRKY","B35"
"801","VPLDKDFRKY","VPLDeDFRKY",""
"802","VPLDEDFRKY","iPLDEDFRKY","B*35"
"803","VPLDEDFRKY","VPLDkDFRKY","B*35"
"804","VPLDEDFRKY","VPLDEnFRKY","B*35"
"805","YTAFTIPSV","YTAFTIPSi","A2"
"806","TAFTIPSI","TAFTIPSt","B51"
"807","TAFTIPSI","TAFTIPSm","B51"
"808","TAFTIPSI","TAFTIPSt","B*51"
"809","TAFTIPSI","TAFTIPSm","B*51"
"810","TAFTIPSI","TAFTIPSr","B*51"
"811","TAFTIPSI","TAFTIPSt","B51"
"812","TAFTIPSI","TAFTIPSt","B*5101"
"813","TAFTIPSI","TAFTIPSr","B*5101"
"814","TAFTIPSI","TAFTIPSv","B*5101"
"815","TAFTIPSI","TAFTIPSt","B51"
"816","TAFTIPSI","TAFTIPSv","B51"
"817","TAFTIPSI","TvFTIPSI","B51"
"818","TAFTIPSI","TAFTIPSt","B51"
"819","TAFTIPSI","TAFTIPSv","B51"
"820","TAFTIPSI","TvFTIPSI","B*5101"
"821","TAFTIPSI","TAFTIPSt","B*5101"
"822","TAFTIPSI","TAFTIPSv","B*5101"
"823","TAFTIPSI","TAFTIPSt","B*5101"
"824","TAFTIPSI","TAFTIPSl","B*51"
"825","TAFTIPSI","TAFTIPSv","B*51"
"826","TAFTIPSI","TAFTIPSt","B*51"
"827","TAFTIPSI","TAFTIPSr","B*51"
"828","TAFTIPSI","TAFTIPSt","B*51"
"829","TAFTIPSI","TAFTIPSr","B*51"
"830","TAFTIPSI","TAFTIPSt","B*5101"
"831","TAFTIPSI","TAFTIPSr","B*5101"
"832","TAFTIPSI","TAFTIPSl","B*5101"
"833","TAFTIPSI","TAFTIPSv","B*5101"
"834","TAFTIPSI","TAFTIPSr","B*5101"
"835","TAFTIPSI","TAFTIPSt","B*5101"
"836","TAFTIPSV","TAFTIPSi","B*51"
"837","TAFTIPSV","TAFTIPSl","B*51"
"838","TAFTIPSV","TAFTIPSt","B*51"
"839","TAFTIPSV","TAFTIPSr","B*51"
"840","TAFTIPSI","TAFTIPSt","B*5101"
"841","TAFTIPSI","TAFTIPSr","B*5101"
"842","TAFTIPSI","TAFTIPSv","B*5101"
"843","TAFTIPSI","TAFTIPSv",""
"844","NNETPGVRY","NNETPGiRY","B*1801"
"845","NNETPGVRY","NsETPGVRY","B*1801"
"846","NNETPGVRY","NNEiPGVRY","B*1801"
"847","NNETPGVRY","NNgTPGVRY","B*1801"
"848","NNETPGVRY","NNEiPGVRY","B*1801"
"849","NNETPGVRY","NNETPGiRY","B*1801"
"850","NNETPGVRY","NNgTPGVRY","B*1801"
"851","NNETPGVRY","NNgTPGVRY","B*1801"
"852","QGWKGSPAI","QGWKGaPAI","B*5101"
"853","QGWKGSPAIFQSSMTKIL","QGWKGSPAIFQaSMTKIL",""
"854","SPAIFQSSM","SPsIFQSSM",""
"855","SPAIFQSSM","SPAIFQcSM",""
"856","SPAIFQSSM","SPAIFQaSM",""
"857","SPAIFQSSM","SPAIFaSSM",""
"858","SPAIFQSSM","SPAaFQSSM",""
"859","SPAIFQSSM","SPAIaQSSM",""
"860","AIFQSSMTK","AIFQSSMlK","A3"
"861","AIFQSSMTK","AIFQaSMTK","A3"
"862","AIFQSSMTK","sIFQSSMTK","A3"
"863","AIFQSSMTK","AIFQSSMTr","A11"
"864","AIFQSSMTK","AIFQcSMTK","A*0301, A*1101, A3, A*6801"
"865","AIFQSSMTK","AIFQSSMTt","A*0301, A*1101, A3, A*6801"
"866","AIFQSSMTK","AIFQSSMTr","A*0301, A*1101, A3, A*6801"
"867","AIFQSSMTK","sIFQSSMTK","A*0301, A*1101, A3, A*6801"
"868","AIFQSSMTK","AIFQSSMTr","A3"
"869","AIFQSSMTK","AIFlSSMTK","A3"
"870","AIFQCSMTK","AIFQsSMTK",""
"871","AIFQSSMTK","AIlQSSMTK","A3"
"872","IFQSSMTKI","IFQaSMTKI","H-2K<sup>d</sup>"
"873","IFQSSMTKI","IFQcSMTKI","H-2K<sup>d</sup>"
"874","MTKILEPFR","MTKILdPFR","A*0301"
"875","KQNPDIVIY","KQNPeIVIY","B*1503"
"876","HPDIVIYQY","nPDIVIYQY","B35"
"877","NPDIVIYQY","NPeIVIYQY","B35"
"878","NPDIVIYQY","NPeIVIYQY","B35"
"879","NPDIVIYQY","NPDlVIYQY","B35"
"880","NPDIVIYQY","NPDIiIYQY","B35"
"881","NPDIVIYQY","hPDIVIYQY","B35"
"882","NPDIVIYQY","hPDIVIYQY","B35"
"883","NPDIVIYQY","NPeIVIYQY","B35"
"884","NPDIVIYQY","NPDIiIYQY","B35"
"885","NPDIVIYQY","NPeIVIYQY","B35"
"886","NPDIVIYQY","NPDlVIYQY","B35"
"887","NPDIVIYQYM","NPDIVIYQYv","B51"
"888","VIYQYMDDL","VIYQYvDDL","A*0201"
"889","VIYQYMDDL","VIcQYMDDL","A2"
"890","VIYQYMDDL","VIYQYvDDL","A2"
"891","VIYQYMDDL","tIYQYMDDL","A*0201"
"892","VIYQYMDDL","tIYQYMDDL","A*0201"
"893","VIYQYMDDL","iIYQYMDDL","A*0201"
"894","VIYQYMDDL","iIYQYMDDL","A*0201"
"895","VIYQYMDDL","eIYQYMDDL","A*0201"
"896","VIYQYMDDL","eIYQYMDDL","A*0201"
"897","VIYQYMDDL","VIYQYvDDL","A*0201"
"898","VIYQYMDDL","VIcQYMDDL","A*0201"
"899","VIYQYMDDL","VIcQYMDDL","A*0201"
"900","VIYQYMDDL","cIYQYMDDL","A*0201, A2"
"901","VIYQYMDDL","VIYQYvDDL","A2"
"902","VIYQYMDDL","VIYQYiDDL","A2"
"903","VIYQYMDDL","VIYQYvDDL","A*02"
"904","VIYQYMDDLYV","VIYQYvDDLYV","A*0201"
"905","YQYMDDLYV","YQYvDDLYV","A*0201"
"906","YQYMDDLYV","YQYvDDLYV","A*02"
"907","YQYMDDLYV","YQYvDDLYV","A*0201"
"908","DLEIGQHRTK","DLEmGQHRTK","A3"
"909","IEELRQHLL","IEELReHLL","B*4001"
"910","EELRQHLLRW","EELRQHLwRW","B44"
"911","ELRQHLLRW","ELRQHLLkW","A*2501"
"912","ELRQHLLRW","ELRQHLLkW","A*2501"
"913","RAHLLSWGF","RAHLLrWGF","H-2K<sup>d</sup>"
"914","RAHLLSWGF","RkHLLSWGF","H-2K<sup>d</sup>"
"915","TVQPIVLPEKDSWTVNDI","TVQPIqLPEKDSWTVNDI",""
"916","IVLPEKDSW","ImLPEKDSW","B*5701, B*5801"
"917","IVLPEKDSW","IeLPEKDSW","B*5701, B*5801"
"918","IVLPEKDSW","ImLPEKDSW","B*5701"
"919","IVLPEKDSW","IeLPEKDSW","B*5701"
"920","IVLPEKDSW","ImLPEKDSW","B*57"
"921","IVLPEKDSW","IkLPEKDSW","B*57"
"922","IVLPEKDSW","IeLPEKDSW","B*57"
"923","IVLPEKDSW","IVkPEKDSW","B*57"
"924","LVGKLNWASQIY","LVGKLNWASQIh","B62"
"925","QIYAGIKVK","QIYAGIKVr","A3"
"926","QIYAGIKVK","QIYAGIKVr","A*1101"
"927","QIYAGIKVK","QIYAGIKVr","A*03"
"928","YPGIKVRQL","YPGIKVkQL","B42"
"929","YPGIKVRQL","YaGIKVRQL","B42"
"930","YPGIKVRQL","YhGIKVRQL","B42"
"931","YPGIKVRQL","YaGIKVRQL","B*4201, B*4202"
"932","YPGIKVRQL","YPGIrVRQL","B*4201, B*4202"
"933","YPGIKVRQL","YPGIKVRgL","B*4201, B*4202"
"934","YPGIKVRQL","YPGIKVRrL","B*4201, B*4202"
"935","YPGIKVRQL","YqGIKVRQL","B*4201, B*4202"
"936","YPGIKVRQL","YPkIKVRQL","B*4201, B*4202"
"937","YPGIKVRQL","YPGIKVsQL","B*4201, B*4202"
"938","IPLTEEAEL","IPLTEaAEL","B7"
"939","IPLTEEAEL","IPLTEEAgL","B7"
"940","IPLTEEAEL","IPLTgEAEL","B7"
"941","IPLTEEAEL","IPLTqEAEL","B7"
"942","IPLTEEAEL","IPLTvEAEL","B7"
"943","IPLTEEAEL","IPLTaEAEL","B7"
"944","EAELELAENREILKE","aAELELAENREILKE",""
"945","EAELELAENREILKE","EAgLELAENREILKE",""
"946","EAELELAENREILKE","EAELELAENREILeE",""
"947","EAELELAENREILKE","EAELELAgNREILKE",""
"948","ILKEPVHGV","ILKdPVHGV","A2"
"949","ILKEPVHGV","ILKEPVHrV","A2"
"950","ILKEPVHGV","ILKEPVHGi","A2"
"951","ILKEPVHGV","ILKdPVHGV","A2"
"952","ILKEPVHGV","ILKEPVHGa","A*0201"
"953","ILKEPVHGV","ILrEPVHGV","A*0201"
"954","ILKDPVHGV","ILKePVHGV","A2"
"955","ILKEPVHGV","ILKEPVHeV","A2"
"956","ILKEPVHGV","ILKdPVHGV","A2"
"957","ILKEPVHGV","ILKdPVHGV","A2"
"958","ILKEPVHGV","yLKEPVHGV","A2"
"959","ILKEPVHGV","fLKEPVHGV","A2"
"960","ILKEPVHGV","ILKdPVHGV","A*0202, A2"
"961","ILKEPVHGV","ILKdPVHGV","A2"
"962","ILKEPVHGV","ILKEPVHGa","A2"
"963","ILKEPVHGV","ILKElVHGV","A2"
"964","ILKEPVHGVY","ILKEPVHGaY","Cw*1202"
"965","ILKEPVHGVY","ILrEPVHGVY","Cw*0303"
"966","VYYDPSKDLI","VYYDPSKDLv","H-2K<sup>d</sup>"
"967","VYYDPSKDLI","VYYDPtKDLI","H-2K<sup>d</sup>"
"968","VYYDPSKDLI","VYYDPSKeLI","H-2K<sup>d</sup>"
"969","RTRGAHTNDVK","RTRGAHTNDVr","A3"
"970","DVKQLTEVV","DVKQLTEaV","B70"
"971","IATESIVIW","IAmESIVIW",""
"972","IATESIVIW","IsTESIVIW","B*57"
"973","IATESIVIW","IAlESIVIW","B*57"
"974","PIQKETWETW","PIQKEaWETW","A*3201"
"975","PIQKETWEAW","PIQKETWEtW",""
"976","FVNTPPLV","FVNTPlLV","A2"
"977","EPIVGAETF","dPIVGAETF","B*3501"
"978","EPIVGAETF","EPIiGAETF","B*3501"
"979","GAETFYVDGA","GvETFYVDGA","B45"
"980","ETFYVDGAANR","ETyYVDGAANR","A26"
"981","KLGKAGYVT","rLGKAGYVT","A2"
"982","KLGKAGYVT","KLGKAGYVv","A2"
"983","KLGKAGYVT","KmGKAGYVT","A2"
"984","KLGKAGYVT","KtGKAGYVT","A2"
"985","KLGKAGYVT","KiGKAGYVT","A2"
"986","ALQDSGLEV","ALQDSGvEV","A*0201"
"987","ALQDSGLEV","ALQDSGsEV","A*0201"
"988","QIIEQLIKK","QIIEeLIKK","A*1101"
"989","YLAWVPAHK","YLsWVPAHK","A2"
"990","YLAWVPAHK","YLsWVPAHK","A2"
"991","QVDKLVSAGIRKVLFL","QVDKLVSAGIRKiLFL",""
"992","QEEHEKYHSNW","QaEHEKYHSNW","B*4403"
"993","QEEHEKYHSNW","QdEHEKYHSNW","B*4403"
"994","QEEHEKYHSNW","QgEHEKYHSNW","B*4403"
"995","QEEHEKYHSNW","QvEHEKYHSNW","B*4403"
"996","QEEHERYHSNW","QEEHEkYHSNW","B*4402"
"997","LPPVVAKEI","LPPiVAKEI","B51"
"998","LPPVVAKEI","LPPiVAKEI","B*5101"
"999","LPPVVAKEI","iPPVVAKEI","B*51"
"1000","LPPIVAKEI","LPPvVAKEI","B51"
"1001","LPPVVAKEI","LPPiVAKEI","B*0702"
"1002","HTDNGSNF","HTDNGrNF","Cw*05"
"1003","HTDNGSNF","HTDNGpNF","Cw*05"
"1004","STTVKAACWW","STaVKAACWW","B*5701"
"1005","STTVKAACWW","SnTVKAACWW","B*5701"
"1006","STTVKAACWW","SaTVKAACWW","B*57"
"1007","ELKKIIGQVR","ELKKIIeQVR","A*33"
"1008","AVFIHNFKRK","AVFvHNFKRK","A3"
"1009","KRKGGIGGY","KkKGGIGGY","B*2705"
"1010","KRKGGIGGY","KRrGGIGGY","B*2705"
"1011","KRKGGIGGY","KRKGGIGeY","B*2705"
"1012","TKIQNFRVYY","iKIQNFRVYY","B*1503"
"1013","RKAKIIRDY","RKAKIIkDY","B*1503"
"1014","RIRTWKSLVK","RIsTWKSLVK","A3"
"1015","SLVKHHMYV","SLVKHHMYi","A2"
"1016","SLVKHHMYI","SLVKHHMYv","A2"
"1017","SLVKHHMYI","SLVKHHMYv","A2"
"1018","SLVKHHMYI","SvVKHHMYI","A2"
"1019","SKRASGWFY","SgRASGWFY","B*1503"
"1020","SKRASGWFY","SqRASGWFY","B*1503"
"1021","SKRASGWFY","SrRASGWFY","B*1503"
"1022","SKRASGWFF","SqRASGWFF","B*1503"
"1023","SKRASGWFF","SrRASGWFF","B*1503"
"1024","SKRASGWFF","SgRASGWFF","B*1503"
"1025","SPHPRISSEV","StHPRISSEV","B*07"
"1026","HPRISSEVHI","HPkISSEVHI","B7"
"1027","HPRISSEVHI","HPkISSEVHI","B*07"
"1028","HPRISSEVHI","HPRvSSEVHI","B*07"
"1029","HPRISSEVHI","HPkISSEVHI","B*0702"
"1030","IPLGDARLVI","IPLGDARLVv","B*07"
"1031","DAKLIITTY","DAKLIIkTY","B*3501"
"1032","HTGERDWHL","HpGERDWHL","B*35"
"1033","GLADQLIHL","GLADQLIHm","A2"
"1034","GLADQLIHL","dLADQLIHL","A2"
"1035","GLADQLIHL","nLADQLIHL","A2"
"1036","GLADQLIHL","dLADQLIHL","A2"
"1037","GLADQLIHL","sLADQLIHL","A2"
"1038","GLADQLIHL","GLADrLIHL","A2"
"1039","GLADQLIHL","GLADQLIHm","A2"
"1040","DCFSESAIRGAILGHIVS","DCFSESAIRrAILGHIVS",""
"1041","AIRKAILGR","AIRKAlLGR",""
"1042","AIRKAILGR","AIRKAIvGR",""
"1043","AIRKAILGR","AIRtAILGR",""
"1044","AIRKAILGR","AIReAILGR",""
"1045","AIRKAILGR","AIRtAILGR","A*3101"
"1046","AIRKAILGR","AIReAILGR","A*3101"
"1047","HIVSPRCEY","HIgSPRCEY","A29"
"1048","ALAALITPK","ALtALITPK","A2"
"1049","ALAALITPK","ALAAvITPK","A2"
"1050","ALAALITPK","ALAALvTPK","A2"
"1051","ALAALITPK","ALAALIrPK","A2"
"1052","KIKPPLPSV","KtKPPLPSV","A2"
"1053","KIKPPLPSV","KtKPPLPSV","A2"
"1054","KIKPPLPSV","KrKPPLPSV","A2"
"1055","REPYNEWTL","REPhNEWTL",""
"1056","TLEILEELKN","aLEILEELKN","A3?"
"1057","EAVRHFPRI","EAVRHFPRt","B*5101"
"1058","EAVRHFPRI","EAVRHFPRl","B*5101"
"1059","EAVRHFPRI","EAVRHFPRt","B*51"
"1060","EAVRHFPRI","EAVRHFPRa","B*51"
"1061","EAVRHFPRI","EAVRHFPRt","B*5101"
"1062","EAVRHFPRI","EAVRHFPRl","B*5101"
"1063","EAVRHFPRI","EAVRHFPRt","B*5101"
"1064","EAVRHFPRI","EAVRHFPRl","B*5101"
"1065","AVRHFPRIW","AVRHFPRvW","B*57"
"1066","FPRTWLHGL","FPwTWLHGL","B7"
"1067","FPRPWLHGL","FPRPWLHsL","A2"
"1068","FPRPWLHGL","FPRvWLHGL","A2"
"1069","FPRPWLHGL","FPRiWLHGL","B7"
"1070","FPRIWLHGL","FPRpWLHGL","B*07"
"1071","FPRIWLHGL","FPRIWLHsL","B*07"
"1072","SLGQHIYET","SLGQHIYnT","A2"
"1073","SLGQHIYET","nLGQHIYET","A2"
"1074","SLGQHIYET","gLGQHIYET","A2"
"1075","ETYGDTWAGV","ETYGDTWtGV",""
"1076","ETYGDTWTGV","dTYGDTWTGV","A*6802"
"1077","ALIRILQQL","ALIRsLQQL","A2"
"1078","ALIRILQQL","AiIRILQQL","A2"
"1079","AIIRILQQL","AIlRILQQL","A*0201"
"1080","ALIRILQQL","AiIRILQQL","A*0201"
"1081","AIIRILQQL","AIIRtLQQL","A*02"
"1082","RILQQLLFI","RlLQQLLFI","A*0201"
"1083","RILQQLLFI","RvLQQLLFI","A*0201"
"1084","RILQQLLFI","RtLQQLLFI","A*0201"
"1085","RILQQLLFI","RmLQQLLFI","A*0201"
"1086","RILQQLLFI","RILQQLLFv","A*0201"
"1087","RILQQLLFI","RILQQLLFt","A*0201"
"1088","RILQQLLFI","RILQQLLFa","A*0201"
"1089","RILQQLLFI","kILQQLLFI","A*0201"
"1090","RILQQLLFI","tILQQLLFI","A*0201"
"1091","RILQQLLFI","RILQQmLFI","A*0201"
"1092","RILQQLLFI","RILQQLLlI","A*0201"
"1093","RILQQLLFI","RILQQpLFI","A*0201"
"1094","RIGCQHSRIGISQRRRAR","RIGCQHSRIGIrQRRRAR",""
"1095","RIGCQHSRIGISQRRRAR","RIGCQHSRIGIgQRRRAR",""
"1096","PVDPRLEPW","PVDPRLdPW","A*2501"
"1097","PVDPRLEPW","PVDPsLEPW","A*2501"
"1098","PVDPRLEPW","PVDPkLEPW","A*2501"
"1099","PVDPRLEPW","PVDPRLdPW","A*2501"
"1100","PVDPRLEPW","PVDPsLEPW","A*2501"
"1101","PVDPRLEPW","PVDPkLEPW","A*2501"
"1102","NCYCKKCCY","kCYCKKCCY","A*2902"
"1103","NCYCKKCCY","NCYCKKyCY","A*2902"
"1104","NCYCKKCCY","NCYCKKCCc","A*2902"
"1105","NCYCKRCCF","kCYCKRCCF","A*2902"
"1106","NCYCKRCCF","NCYCKkCCF","A*2902"
"1107","NCYCKRCCF","tCYCKRCCF","A*2902"
"1108","CCFHCQVC","CCmHCQVC","Cw*12"
"1109","CCFHCQVC","CClHCQVC","Cw*1203"
"1110","CCFHCQVC","CCFHCQsC","Cw*1203"
"1111","CCFHCQVC","CCFHCQsC","Cw*1203"
"1112","CCFHCQVC","CClHCQVC","Cw*1203"
"1113","CCFHCQVC","CClHCQVC","Cw*1203"
"1114","CCFHCQVC","CCFHCQsC","Cw*1203"
"1115","CLHCQVCFI","CfHCQVCFI","A2"
"1116","FHCQVCFMTK","FHCQVCFtTK",""
"1117","FHCQVCFMTK","FHCQVCFMkK",""
"1118","FHCQVCFMTK","FHCQVCFMiK",""
"1119","FHCQVCFMTK","FHCQVCFiTK",""
"1120","FHCQVCFMTK","lHCQVCFMTK",""
"1121","FHCQVCFMTK","FnCQVCFMTK",""
"1122","FHCQVCFMTK","FHCQVyFMTK",""
"1123","FHCQVCFMTK","FHCQVCFtTK",""
"1124","VCFMTKGLGI","VCFtTKGLGI","B*1501"
"1125","VCFMTKGLGI","VCFMkKGLGI","B*1501"
"1126","VCFMTKGLGI","VCFMkKGLGI",""
"1127","VCFMTKGLGI","VCFMTKGLGv",""
"1128","VCFMTKGLGI","VCFMTKGLsI",""
"1129","VCFMTKGLGI","VCFiTKGLGI",""
"1130","VCFMTKGLGI","VyFMTKGLGI",""
"1131","VCFMTKGLGI","VCFMiKGLGI",""
"1132","VCFMTKGLGI","VCFMlKGLGI",""
"1133","VCFMTKGLGI","VCFtTKGLGI",""
"1134","FQTKGLGISY","FQTKGLGIyY","B*1503"
"1135","FQTKGLGISY","FlTKGLGISY","B*1503"
"1136","FQTKGLGISY","FQTKGLsISY","B*1503"
"1137","FQTKGLGISY","FQrKGLGISY","B*1503"
"1138","FQTKGLGISY","FQkKGLGISY","B*1503"
"1139","FMTKGLGISY","FMkKGLGISY","B*1501"
"1140","FMTKGLGISY","FMiKGLGISY","B*1501"
"1141","FMTKGLGISY","FiTKGLGISY","B*1501"
"1142","FMTKGLGISY","FMTKGLGvSY","B*1501"
"1143","FMTKGLGISY","FMTKGLGIfY","B*1501"
"1144","FMTKGLGISY","FMTKGLsISY","B*1501"
"1145","FMTKGLGISY","FMlKGLGISY","B*1501"
"1146","FMTKGLGISY","FtTKGLGISY","B*1501"
"1147","FQKKGLGISY","FQtKGLGISY","B*1503"
"1148","MTKGLGISY","tTKGLGISY","B*1501"
"1149","MTKGLGISY","MkKGLGISY","B*1501"
"1150","ITKGLGISYGR","tTKGLGISYGR","A*6801"
"1151","ITKGLGISYGR","ITKGsGISYGR","A*6801"
"1152","APQGHPNNQVSI","APQdHPNNQVSI",""
"1153","DEDLLKTVRLIKRLYQSS","DEnLLKTVRLIKRLYQSS",""
"1154","DEDLLKTVRLIKRLYQSS","DEDLLKaVRLIKRLYQSS",""
"1155","DEDLLKTVRLIKRLYQSS","DEDLLKiVRLIKRLYQSS",""
"1156","DEDLLKTVRLIKRLYQSS","DEDLLKTVRvIKRLYQSS",""
"1157","DEDLLKTVRLIKRLYQSS","DEDLLKTVRiIKRLYQSS",""
"1158","DEDLLKTVRLIKRLYQSS","DEDLLrTVRLIKRLYQSS",""
"1159","EELLKTVRL","EdLLKTVRL","B*4402, B*4403"
"1160","EELLKTVRL","dELLKTVRL","B*4402, B*4403"
"1161","EELLKTVRL","EELiKTVRL","B*4402, B*4403"
"1162","LRAVRIIKI","LkAVRIIKI","B*5701, B*5703"
"1163","LRAVRIIKI","LRAVRIIKf","B*5701, B*5703"
"1164","AVRIIKIL","AVkIIKIL",""
"1165","AVRIIKIL","AVqIIKIL",""
"1166","AVRIIKIM","AVqIIKIM",""
"1167","AVRIIKIM","AVkIIKIM",""
"1168","QRQRQIQSL","QkQRQIQSL",""
"1169","QRQRQIQSL","QRQRhIQSL",""
"1170","QRQRQIQSL","QRQRQIrSL",""
"1171","QRQRQIQSL","QRQRQIQSi",""
"1172","QRQRQIQSL","QRQRQIQlL",""
"1173","QRQRQIQSL","QRQRQIQSi",""
"1174","QRQRQIQSL","QRQRQIrSL",""
"1175","QRQRQIQSL","QRQRQIkSL",""
"1176","QRQRQIQSL","QRQRrIQSL",""
"1177","QRQRQIQSL","QRQiQIQSL",""
"1178","QRQRQIQSL","QkQRQIQSL",""
"1179","QRQRQIQSL","QRrRQIQSL",""
"1180","QRQRQIQSL","QRQRQIQSv",""
"1181","QRQRQIQSL","QRQRkIQSL",""
"1182","QRQRQIQSL","QRQRQIlSL",""
"1183","QRQRQIQSL","QRQRQIQlL",""
"1184","QRQRQIQSL","QRQRhIQSL",""
"1185","QRQIRSISERILSTYLER","QRQIRSISERILnTYLER",""
"1186","QIRSISERIL","QIRSISERIf","A*3101"
"1187","ISERILSTY","ISERILSTf","A*0101"
"1188","RPAEPVPLQL","RsAEPVPLQL","B*07"
"1189","RPAEPVPLQL","RPtEPVPLQL","B*07"
"1190","RPAEPVPLQL","RPeEPVPLQL","B*07"
"1191","RSAEPVPLQL","RpAEPVPLQL",""
"1192","SAEPVPLQL","SAEPgPLQL","Cw5"
"1193","SAEPVPLQL","SeEPVPLQL","B14"
"1194","SAEPVPLQL","SAEhVPLQL","B14"
"1195","SAEPVPLQL","SAEsVPLQL","B14"
"1196","SAEPVPLQL","SvEPVPLQL","B14"
"1197","SAEPVPLQL","SAEPVPfQL","B14"
"1198","SAEPVPLQL","SlEPVPLQL","B14"
"1199","PVPFQLPPL","PVPlQLPPL","A2"
"1200","LQLPPIERL","fQLPPIERL","A2"
"1201","LQLPPIERL","LQLPPlERL","A2"
"1202","GMGSPQILV","GvGSPQILV","A2"
"1203","GMGSPQILV","GvGSPQILV","A2"
"1204","QVLGESPTVL","QVLGkSPTVL",""
"1205","QVLGESPTVL","QVLGEStTVL",""
"1206","ILVESPAVL","ILVESPtVL","A2"
"1207","ILVESPAVL","ILVESPAVi","A2"
"1208","ILVESPAVL","vLVESPAVL","A2"
"1209","ALVEMGHHA","ALVEMGHHv",""
"1210","HAPWDVNDL","HAPWDVNDm","Cw*0102"
"1211","NYQHLWRGGIMLLWRGIM","NYQHLWRGGIsLLWRGIM",""
"1212","NYQHLWRGGIMLLWRGIM","NYQHwWRGGIMLLWRGIM",""
"1213","ATEKLWVTVYYGVPVWKEAT","ATEKmWVTVYYGVPVWKEAT",""
"1214","ATEKLWVTVYYGVPVWKEAT","ATEKLWVTVYYGaPVWKEAT",""
"1215","ATEKLWVTVYYGVPVWKEAT","ATEKLcVTVYYGVPVWKEAT",""
"1216","ATEKLWVTVYYGVPVWKEAT","ATEKLWVTVhYGVPVWKEAT",""
"1217","ATEKLWVTVYYGVPVWKEAT","ATEKLWVTVYYGVPaWKEAT",""
"1218","ATEKLWVTVYYGVPVWKEAT","ATEKLWVTVYhGVPVWKEAT",""
"1219","AENLWVTVY","tENLWVTVY","B44"
"1220","AENLWVTVY","AkNLWVTVY","B44"
"1221","AENLWVTVY","AgNLWVTVY","B44"
"1222","AENLWVTVY","AaNLWVTVY","B44"
"1223","AENLWVTVY","AEkLWVTVY","B*4403"
"1224","AENLWVTVY","AENLgVTVY","B*4403"
"1225","AENLWVTVY","tENLWVTVY","B*4403"
"1226","AENLWVTVY","AgNLWVTVY","B*4403"
"1227","AENLWVTVY","AaNLWVTVY","B*4403"
"1228","AENLWVTVY","AkNLWVTVY","B*4403"
"1229","AENLWVTVY","AdNLWVTVY","B*1801"
"1230","AENLWVTVY","AEkLWVTVY","B*4403"
"1231","AENLWVTVY","tENLWVTVY","B*4403"
"1232","AENLWVTVY","vENLWVTVY","B*4403"
"1233","AENLWVTVY","AkNLWVTVY","B*4403"
"1234","AENLWVTVY","AgNLWVTVY","B*4403"
"1235","AENLWVTVY","AENLWVTiY","B*4403"
"1236","AENLWVTVY","AEdLWVTVY","B*4403"
"1237","AENLWVTVY","AaNLWVTVY","B*4403"
"1238","AENLWVTVY","AEsLWVTVY","B*4403"
"1239","AENLWVTVY","AdNLWVTVY","B*4403"
"1240","AENLWVTVY","AENsWVTVY","B*4403"
"1241","AENLWVTVY","AEtLWVTVY","B*4403"
"1242","AENLWVTVY","AdNLWVTVY","B*1801"
"1243","NLWVTVYYGV","kLWVTVYYGV","A2"
"1244","NLWVTVYYGV","qLWVTVYYGV","A2"
"1245","NLWVTVYYGV","dLWVTVYYGV","A2"
"1246","VTVYYGVPVWK","VTVYYGVPVWr","A*1101"
"1247","VTVYYGVPVWK","VTiYYGVPVWK","A*1101"
"1248","VTVYYGVPVWK","VTVYdGVPVWK","A*1101"
"1249","VTVYYGVPVWK","VTVYYGVPiWK","A*1101"
"1250","VTVYYGVPVWK","VTVYYGVPVWr","A*6801"
"1251","TVYYGVPVWK","TVYYGVPVWr","A*0301, A*6801"
"1252","TVYYGVPVWK","TVYYGVPVWr","A3"
"1253","TVYYGVPVWK","TVYYGVPVWt","A3"
"1254","TVYYGVPVWK","aVYYGVPVWK","A3"
"1255","TVYYGVPVWKEATTTLF","TVYYGVPVWKEAkTTLF",""
"1256","VYYGVPVWKEA","VYYGVPVWrEA","Cw7"
"1257","VPVWKEATTT","VPVWKEAkTT","B55, B*5501"
"1258","VPVWKEATTTL","VPVWKEAdTTL","B35"
"1259","VPVWKEATTTL","VPVWKEAkTTL","B*3501"
"1260","VPVWKEATTTLFCASDAKAY","aPVWKEATTTLFCASDAKAY",""
"1261","VPVWKEATTTLFCASDAKAY","VPVWKEATTTLFrASDAKAY",""
"1262","VPVWKEATTTLFCASDAKAY","VPVWKEATTTLFCvSDAKAY",""
"1263","VPVWKEATTTLFCASDAKAY","VPVWKEATTTLFCAtDAKAY",""
"1264","VPVWKEATTTLFCASDAKAY","VPVWKEATTTLFyASDAKAY",""
"1265","VPVWKEATTTLFCASDAKAY","VPVWKEATTTpFCASDAKAY",""
"1266","TTLFCASDAK","TTLFCASDAr","A3"
"1267","TLFCASDAK","TLFCASDAr","A3"
"1268","ASDAKAHDPEVHNVWATH","ASDAKAHDPEVyNVWATH",""
"1269","KAYDTEVHNVW","KAYeTEVHNVW",""
"1270","KAHDPEVHNVW","KAHDPEVyNVW","B*5801"
"1271","YETEVHNVW","YgTEVHNVW","B*1801"
"1272","YETEVHNVW","YdTEVHNVW","B*1801"
"1273","YETEVHNVW","YETEaHNVW","B*1801"
"1274","YETEVHNVW","YgTEVHNVW","B*1801"
"1275","YETEVHNVW","YETEaHNVW","B*1801"
"1276","YETEVHNVW","YdTEVHNVW","B*1801"
"1277","YETEVHNVW","YgTEVHNVW","B*1801"
"1278","YETEVHNVW","YdTEVHNVW","B*1801"
"1279","EVHNVWATHA","EVHNiWATHA","A*2603"
"1280","EVHNVWATHA","EiHNVWATHA","A*2603"
"1281","EVHNVWATHA","EaHNVWATHA","A*2603"
"1282","EVHNVWATHA","EmHNVWATHA","A*2603"
"1283","EVHNVWATHA","EkHNVWATHA","A*2603"
"1284","EVHNVWATHA","gVHNVWATHA","A*2603"
"1285","EVHNVWATHA","EVHNmWATHA","A*2603"
"1286","EVHNVWATHA","EVHNVsATHA","A*2603"
"1287","EVHNVWATHA","EVHNVWAiHA","A*2603"
"1288","EVHNVWATHA","EVHNVWATyA","A*2603"
"1289","EVHNVWATHA","EVHNVWAkHA","A*2603"
"1290","EVHNVWATHA","EVHNVWATqA","A*2603"
"1291","EVHNVWATHA","ErHNVWATHA","A*2603"
"1292","EVHNVWATHA","EqHNVWATHA","A*2603"
"1293","EVHNVWATHA","EgHNVWATHA","A*2603"
"1294","EVHNVWATHA","EVHNaWATHA","A*2603"
"1295","EVHNVWATHA","EVHNtWATHA","A*2603"
"1296","EVHNVWATHA","EVHNVWATHv","A*2603"
"1297","EVHNVWATHA","EVHNVWtTHA","A*2603"
"1298","NVWATHACV","NiWATHACV","A2"
"1299","NIWATHACV","NvWATHACV","A2"
"1300","NIWATHACV","NvWATHACV","A2"
"1301","NVWATHACV","NVWATrACV","A2"
"1302","DPNPQEVAL","DPNPQEaAL","B35"
"1303","DPNPQEVAL","DPNPQEtAL","B35"
"1304","DPNPQEVAL","DlNPQEVAL","B35"
"1305","DPNPQEVAL","DPNPQEVpL","B35"
"1306","VTEEFNMWK","VnEEFNMWK",""
"1307","MHTDIISLWDQSLKP","MHeDIISLWDQSLKP","B*3801"
"1308","KLTPLCVTL","KiTPLCVTL","A*0201"
"1309","KLTPLCVTL","KmTPLCVTL","A*0201"
"1310","KLTPLCVTL","KLTPLCVTm","A*0201"
"1311","KLTPLCVTL","rLTPLCVTL","A*0201"
"1312","KLTPLCVTL","qLTPLCVTL","A*0201"
"1313","KLTPLCVTL","eLTPLCVTL","A*0201"
"1314","KLTPLCVTL","KLTsLCVTL","A*0201"
"1315","KLTPLCVTL","KLTqLCVTL","A*0201"
"1316","KLTPLCVTL","KLTPfCVTL","A*0201"
"1317","KLTPLCVTL","KLTPrCVTL","A*0201"
"1318","KLTPLCVTL","KLTPLCiTL","A*0201"
"1319","KLTPLCVTL","KLTPLCVpL","A*0201"
"1320","KLTPLCVTL","KLTPLCVsL","A*0201"
"1321","KLTPLCVTL","KLTPLCVaL","A*0201"
"1322","KLTPLCVTL","KLTPLCViL","A*0201"
"1323","KLTPLCVTL","KLTPLCVsL","A2"
"1324","KLTPLCVTL","KiTPLCVTL","A2"
"1325","KNCSFNMTT","KNiSFNMTT",""
"1326","NCSFNISTSI","NCSFNItTSI","Cw8"
"1327","SVITQACPK","SaITQACPK","A*1101"
"1328","SVITQACPK","SVIkQACPK","A*1101"
"1329","KMSFEPIPIH","KvSFEPIPIH","A29"
"1330","SFEPIPIHY","SFdPIPIHY","A*2902"
"1331","SFEPIPIHY","SFEPIPIHf","A*2902"
"1332","SFEPIPIHY","tFEPIPIHY","A*2902"
"1333","SFEPIPIHY","SsEPIPIHY","A*2902"
"1334","SFEPIPIHY","SFEPIPInY","A*2902"
"1335","YCAPAGFAIL","YCAPAGFAIi","Cw*0102"
"1336","YCAPAGFAIL","YCAPAGFAIi","Cw*0102"
"1337","YCAPAGFAIL","YCAPAGFAIi","Cw*0102"
"1338","CAPAGFAIL","CtPAGFAIL","Cw1"
"1339","CAPAGFAIL","CtPAGFAIL",""
"1340","CAPAGFAIL","CAPAGyAIL",""
"1341","CKNVSTVQC","CeNVSTVQC","Cw*0802"
"1342","CKNVSTVQC","CgNVSTVQC","Cw*0802"
"1343","CTNVSTVQC","CqNVSTVQC","Cw8"
"1344","KPVVSTQLLL","rPVVSTQLLL","B7, B8"
"1345","KPVVSTQLLL","KPViSTQLLL","B7, B8"
"1346","KPVVSTQLLL","KPVmSTQLLL","B7, B8"
"1347","RPVVSTQLLL","kPVVSTQLLL","B*07"
"1348","CTRPNNNTRK","CTRPsNNTRK","A3"
"1349","CTRPNNNTRK","CTRPgNNTRK","A2, A3"
"1350","CTRPNNNTRK","CTRPNNyTRK","A2, A3"
"1351","CTRPNNNTRK","CTRPNNNTRe","A2, A3"
"1352","CTRPNNNTRK","CTRsNNNTRK","A2, A3"
"1353","CTRPNNNTRKSVRIG","CTRPNNNTRKSiRIG","B*0702"
"1354","RPNNNTRKSI","RPNNNTRKSv","B7"
"1355","RPNNNTRKSI","RPNNNTRKgI","B*07"
"1356","RPNNNTRKSI","RPNNNTRRSI","B*0702"
"1357","RPNNNTRKSI","RPNNNTRKST","B*0702"
"1358","RPNNNTRKSI","RPNNSTRKSI","B*0702"
"1359","RPNNNTRKSI","RPNNDTRKSI","B*0702"
"1360","RPNNNTRKSI","RSNNNTRKSI","B*0702"
"1361","RPNNNTRKSI","RPNNNTRKRI","B*0702"
"1362","RPNNNTRKSI","RPTNNTRKSI","B*0702"
"1363","RPNNNTRKSI","RPNNNTRKCI","B*0702"
"1364","RPNNNTRKSI","RPNNNTRKSL","B*0702"
"1365","EIIGDIRQAY","qIIGDIRQAY","A*2501"
"1366","EIIGDIRQAY","EIIGDIRQAh","A*2501"
"1367","EIIGDIRQAY","qIIGDIRQAY","A*2501"
"1368","EIIGDIRQAY","EIIGDIRQAh","A*2501"
"1369","SGEDWNKTLSHVVDKLRE","SGEDWNKTLSyVVDKLRE",""
"1370","SGEDWNKTLSHVVDKLRE","SGEDWNKTLSHVVnKLRE",""
"1371","SGEDWNKTLSHVVDKLRE","SGEDWNKTLnHVVDKLRE",""
"1372","SGEDWNKTLSHVVDKLRE","SGEDWNKTLSHVVaKLRE",""
"1373","SGEDWNKTLSHVVDKLRE","SGEDWNKTLgHVVDKLRE",""
"1374","SGEDWNKTLSHVVDKLRE","SGEDWNKTLSyVVDKLRE",""
"1375","SGEDWNKTLSHVVDKLRE","SGEDWNKTLSHVVnKLRE",""
"1376","TLSQIVTKL","TLSkIVTKL","A*0201"
"1377","TLSQIVTKL","TLSkIVTKL","A*0201"
"1378","TLEQVVKKL","ALEQVVKKL",""
"1379","TLEQVVKKL","MLEQVVKKL",""
"1380","TLEQVVKKL","TLAQVVKKL",""
"1381","TLEQVVKKL","TLEQVVEKL",""
"1382","TLEQVVKKL","ILEQVVKKL",""
"1383","TLEQVVKKL","TLEQVVNKL",""
"1384","QIVEKLREIKQFKNKTIVF","QIaEKLREIKQFKNKTIVF",""
"1385","QIVEKLREIKQFKNKTIVF","QIVEKLREIeQFKNKTIVF",""
"1386","QIVEKLREIKQFKNKTIVF","QIVkKLREIKQFKNKTIVF",""
"1387","QIVEKLREIKQFKNKTIVF","QIVgKLREIKQFKNKTIVF",""
"1388","QIVEKLREIKQFKNKTIVF","QIVEKLREIqQFKNKTIVF",""
"1389","QIVEKLREIKQFKNKTIVF","QIVEKLREIKQFKNKkIVF",""
"1390","QFRNKTIVF","QFkNKTIVF",""
"1391","QFRNKTIVF","QFsNKTIVF",""
"1392","QFRNKTIVF","QFnNKTIVF",""
"1393","QFRNKTIVF","QFRNKaIVF",""
"1394","QFRNKTIVF","QFkNKTIVF","Cw*0401"
"1395","QFRNKTIVF","QFkNKTIVF","Cw*0401"
"1396","QFRNKTIVF","QFRNKaIVF","Cw*0401"
"1397","QFRNKTIVF","QFnNKTIVF","Cw*0401"
"1398","SFNCGGEFF","SFNCrGEFF","B15"
"1399","SFNCGGEFF","tFNCGGEFF","B15, B*1516, B63"
"1400","SFNCGGEFF","SFNCaGEFF","B15, B*1516, B63"
"1401","SFNCGGEFF","SFNCGGEFr","B15, B*1516, B63"
"1402","SFNCGGEFF","SFNCrGEFF","B15, B*1516, B63"
"1403","SFTCGGEFF","SsTCGGEFF","B15"
"1404","SFTCGGEFF","SFTCGGgFF","B15"
"1405","SFNCGGEFF","SvNCGGEFF","Cw*0401"
"1406","SFNCGGEFF","SFNCrGEFF","Cw*0401"
"1407","SFNCGGEFFY","tFNCGGEFFY","A29"
"1408","SFNCGGEFFY","SFNCaGEFFY","A29"
"1409","SFNCGGEFFY","SFNCGGEFrY","A29"
"1410","SFNCGGEFFY","SFNCrGEFFY","A29"
"1411","FNCGGEFF","FNCaGEFF","Cw4"
"1412","FNCGGEFF","FNCrGEFF","Cw4"
"1413","FNCGGEFF","FNCGGEFr","Cw4"
"1414","FNCGGEFF","FNCmGEFF","Cw4"
"1415","FNCGGEFFY","FNCaGEFFY","A29"
"1416","FNCGGEFFY","FNCGGEFrY","A29"
"1417","PNCGGEFFY","PNCrGEFFY","A29"
"1418","FNCGGEFFY","FNCrGEFFY","A29"
"1419","NCGGEFFYCN","NCGGEFFYCd",""
"1420","NCGGEFFYCN","NCaGEFFYCN",""
"1421","NCGGEFFYCN","NCGGEFrYCN",""
"1422","NCGGEFFYCN","NCmGEFFYCN",""
"1423","NCGGEFFYCN","NCrGEFFYCN",""
"1424","NSTETNSTRTITIHC","NSTETNSTRTIkIHC",""
"1425","NSTRTITIHCRIKQI","NSTRTIkIHCRIKQI",""
"1426","LPCRIKQII","LlCRIKQII","B*5101"
"1427","LPCRIKQII","LqCRIKQII","B*5101"
"1428","LPCRIKQII","LgCRIKQII","B*5101"
"1429","LPCRIKQII","LsCRIKQII","B*5101"
"1430","LPCRIKQII","LPCkIKQII","B*5101"
"1431","LPCRIKQII","LPCRtKQII","B*5101"
"1432","LPCRIKQII","LPCRIrQII","B*5101"
"1433","LPCRIKQII","LPCRIsQII","B*5101"
"1434","LPCRIKQII","LPCRIKeII","B*5101"
"1435","LPCRIKQII","LPCRIKQfI","B*5101"
"1436","LPCRIKQII","LPCRIKQvI","B*5101"
"1437","LPCRIKQII","LPCRIKQIv","B*5101"
"1438","LPCRIKQII","LPCRIKQIl","B*5101"
"1439","RIKQIINMW","RIKQIvNMW",""
"1440","RIKQIINMW","kIKQIINMW",""
"1441","RIKQIINMW","RIKQIINrW",""
"1442","YAPPISGQI","YAPPIrGQI","Mamu-A*01"
"1443","YAPPISGQI","YAPPISGrI","Mamu-A*01"
"1444","YAPPISGQI","YAPPIaGQI","Mamu-A*01"
"1445","YAPPISGQI","YAPPIkGQI","Mamu-A*01"
"1446","YAPPISGQI","YAPPIeGQI","Mamu-A*01"
"1447","YAPPISGQI","YAPPISGtI","Mamu-A*01"
"1448","TMGAASITL","TMGAASlTL","A2"
"1449","TMGAASITL","TMGAASmTL","A2"
"1450","TMGAASITL","TMGAASmTL","A2"
"1451","TMGAASITL","TMGAASlTL","A2"
"1452","TMGAASITL","TMGAASvTL","A2"
"1453","RAIEAQQHL","RAIEAQQHm","Cw*0304"
"1454","RAIEAQQHL","RAIEAQQHm",""
"1455","RAIEAQQHL","kAIEAQQHL","B51"
"1456","RAIEAQQHL","RAIEAQQHm","B51"
"1457","RAIEAQQHL","RAIdAQQHL","B51"
"1458","RAIEAQQHL","RAIkAQQHL","B51"
"1459","AIEAQQHLLKLTVWG","AIEAQQHLLqLTVWG",""
"1460","QHLLKLTVWGIKQLQ","QHLLqLTVWGIKQLQ",""
"1461","LLQLTVWGI","mLQLTVWGI","A2"
"1462","LLQLTVWGI","LLQLTVWGm","A2"
"1463","LLQLTVWGI","mLQLTVWGI","A2"
"1464","LLQLTVWGI","LLkLTVWGI","A2"
"1465","QTRVLAIERYL","QaRVLAIERYL","B*5801, B*5802"
"1466","QTRVLAIERYL","QTRVLAmERYL","B*5801, B*5802"
"1467","QTRVLAIERYL","QTRVLAlERYL","B*5801, B*5802"
"1468","QTRVLAIERYL","QTRVLAvERYL","B*5801, B*5802"
"1469","ARVLAVERYLRDQQL","ARVLAVERYLkDQQL","B*1402"
"1470","VERYLKDQQL","VERYLrDQQL","B14"
"1471","VERYLRDQQLLGIWG","VERYLkDQQLLGIWG","A*23, A*2402, B*0801"
"1472","ERYLKDQQL","ERYLrDQQL","B14"
"1473","ERYLKDQQL","ERYLrDQQL","B*1402"
"1474","ERYLKDQQL","ERYLtDQQL","B*1402"
"1475","ERYLKDQQL","ERYLqDQQL","B*1402"
"1476","ERYLKDQQL","ERYLsDQQL","B*1402"
"1477","ERYLKDQQL","ERYLmDQQL","B*1402"
"1478","ERYLKDQQL","ERYLqDQQL","B14"
"1479","ERYLRDQQL","ERYLkDQQL",""
"1480","ERYLRDQQL","ERsLRDQQL",""
"1481","ERYLKDQQL","ERYLrDQQL","A32, B14"
"1482","ERYLKDQQL","ERYLgDQQL","A32, B14"
"1483","ERYLKDQQL","ERYLqDQQL","A32, B14"
"1484","ERYLKDQQL","ERYLrDQQL","B14, B*1402"
"1485","ERYLKDQQL","ERYLrDQQL","B14, B*1402"
"1486","ERYLRDQQL","ERYLgDQQL","B*1401"
"1487","ERYLRDQQL","ERhLRDQQL","B*1401"
"1488","ERYLRDQQL","ERYLkDQQL","B*1401"
"1489","ERYLRDQQL","ERYLsDQQL","B*1401"
"1490","ERYLKDQQL","ERYLKDQQf","B14"
"1491","ERYLRDQQL","ERYLgDQQL","B*1402"
"1492","ERYLRDQQL","ERYLkDQQL","B*1402"
"1493","ERYLRDQQL","ERYLsDQQL","B*1402"
"1494","ERYLRDQQL","ERhLRDQQL","B*1402"
"1495","ERYLKDQQLLG","ERYLrDQQLLG",""
"1496","ERYLKDQQLLG","ERYLgDQQLLG",""
"1497","ERYLKDQQLLG","ERYLqDQQLLG",""
"1498","RYLKDQQLL","RYLrDQQLL","A*23, A24"
"1499","RYLKDQQLL","RYLgDQQLL","A*23, A24"
"1500","RYLKDQQLL","RYLqDQQLL","A*23, A24"
"1501","YLRDQQLL","YLkDQQLL","A24"
"1502","YLKDQQLL","YLrDQQLL","B*08"
"1503","YLKDQQLL","YLrDQQLL","B8"
"1504","YLKDQQLL","YLKgQQLL","B8"
"1505","YLKDQQLL","YLqDQQLL","B*0801"
"1506","GCSGRVICTTTVPWNVSWSNKSLNEI","dCSGRVICTTTVPWNVSWSNKSLNEI","B*5701"
"1507","GCSGRVICTTTVPWNVSWSNKSLNEI","GCSGRVICTTTVPWNsSWSNKSLNEI","B*5701"
"1508","GCSGRVICTTTVPWNVSWSNKSLNEI","GCSGRVICTTTVPWNtSWSNKSLNEI","B*5701"
"1509","GKLICTTTVPWNISWSNK","GKLICTTTVPWNtSWSNK",""
"1510","TTTVPWNVSW","TTTVPWNtSW","B*5701"
"1511","TTTVPWNVSW","TTTVPWNsSW","B*5701"
"1512","WLWYIKIFI","WLWYIrIFI","A2"
"1513","WLWYIKIFI","WLWYIrIFI","A2.1"
"1514","WYIKIFIMI","WYIrIFIMI","A*2402"
"1515","WYIKIFIMI","WYIKIFIiI","A*2402"
"1516","YIKIFIMIV","YIrIFIMIV","A2"
"1517","YIKIFIMIV","YIKIFIiIV","A2"
"1518","YIKIFIMIV","YIKIFIMIi","A2"
"1519","YIKIFIMIV","YIrIFIMIV","A2"
"1520","VLSIVNQVRRQGYSPLSFQT","VLSIVNkVRRQGYSPLSFQT","B15"
"1521","YSPLSLQTL","YSPLSLQTr","Cw*0102"
"1522","YSPLSLQTL","YSPLSLQTr","Cw*0102"
"1523","YSPLSLQTL","YSPLSLQTr","Cw*0102"
"1524","LFSYHRLRDLLLIVTRIV","LFrYHRLRDLLLIVTRIV",""
"1525","SYHRLRDFI","SYHRLRDFv","H-2K<sup>d</sup>"
"1526","SYHRLRDFI","SYHRLRDcI","H-2K<sup>d</sup>"
"1527","SYHRLRDFI","SYHRLRDlI","H-2K<sup>d</sup>"
"1528","RLRDLLLIVTR","SLRDLLLIVTR","A3"
"1529","RLRDLLLIVTR","RLRDLLLIiTR","A3"
"1530","RLRDLLLIVTR","RLRDLLLvVTR","A3"
"1531","GRRGWEALKY","GqRGWEALKY","B*27"
"1532","GRRGWEALKY","GhRGWEALKY","B*27"
"1533","RRGWEVLKY","RRGWEtLKY","A1"
"1534","KYLWNLLQY","KYcWNLLQY",""
"1535","KYLGSLVQY","KYLGSLVQc","A*3002"
"1536","KYLGSLVQY","KhLGSLVQY","A*3002"
"1537","QELKNSAVSL","QELKkSAVSL","B*4001"
"1538","SLLNATAIAV","SLLNATdIAV",""
"1539","LLNATAIAV","LLNAiAIAV","A*0201, A2"
"1540","SLLNATDIAV","SLLNATaIAV","A*0201"
"1541","VAEGTDRVIEELQRA","VAEGTDRVIEgLQRA",""
"1542","VAEGTDRVIEELQRA","VAEGTDRVIEEsQRA",""
"1543","VAEGTDRVIEELQRA","VAEGTDRVIEaLQRA",""
"1544","IEVVQRACRAILHIPRRI","IEVVQRACRAILHIPRkI",""
"1545","IEVVQRACRAILHIPRRI","IEiVQRACRAILHIPRRI",""
"1546","IEVVQRACRAILHIPRRI","IEVVQRACRAIcHIPRRI",""
"1547","IEVVQRACRAILHIPRRI","IEVVQRACRAIrHIPRRI",""
"1548","IEVVQRACRAILHIPRRI","IEVVQRACRAIfHIPRRI",""
"1549","IEVVQRACRAILHIPRRI","IEiVQRACRAILHIPRRI",""
"1550","IEVVQRACRAILHIPRRI","IEVVQRACRAILHIPRkI",""
"1551","IEVVQRACRAILHIPRRI","IEVVQRACRAIcHIPRRI",""
"1552","IEVVQRACRAILHIPRRI","IEVVQRACRAIrHIPRRI",""
"1553","EVVQRAYR","EVaQRAYR",""
"1554","RAVLNIPTRIRQGLERAL","RAVLNvPTRIRQGLERAL",""
"1555","IPRRIRQGL","IPRRIRQGf","B7"
"1556","IPRRIRQGL","IPRRIRQGf",""
"1557","IPRRIRQGL","IvRRIRQGL",""
"1558","IPRRIRQGL","vPRRIRQGL","B7"
"1559","IPRRIRQGL","IPgRIRQGL","B7"
"1560","IPRRIRQGL","IPRRkRQGL","B7"
"1561","IPRRIRQGL","IPRRIRQGf","B7"
"1562","IPRRIRQGL","IPRRIRQGf",""
"1563","IPRRIRQGL","IPRRIRQdL","B7"
"1564","IPRRIRQGL","IPtRIRQGL","B7"
"1565","IPRRIRQGL","IPRRlRQGL","B7"
"1566","IPTRIRQGL","IPrRIRQGL",""
"1567","IPRRIRQGL","IPRRIRQGf","B7"
"1568","IPRRIRQGL","IPtRIRQGL","B7"
"1569","IPRRIRQGL","IPtRIRQGL","B*0702"
"1570","IPRRIRQGL","IPRRIRQGf","B*07"
"1571","IPRRIRQGL","IPRRIRQGf","B*0702"
"1572","RIRQGLERA","RIRQGfERA","A*0205"
"1573","RIRQGLERA","RIRQGLEaA","A*0205"
"1574","RIRQGLERA","RIRQGLfRA","A*0205"
"1575","RQGLERALL","RQGLERvLL","B8"
"1576","RQGLERALL","RQGLERAfL","B8"
"1577","LNSWGCAFRQVCHT","LNmWGCAFRQVCHT",""
"1578","LNSWGCAFRQVCHT","LNlWGCAFRQVCHT",""
"1579","LNSWGCAFRQVCHT","LNSWGCAnRQVCHT",""
"1580","WSKSSIIGW","WSKtSIIGW","A*2501"
"1581","WSKSSIIGW","WSKSSmIGW","A*2501"
"1582","WSKSSIIGW","WSKtSIIGW","A*2501"
"1583","WSKSSIIGW","WSKSSmIGW","A*2501"
"1584","WPAIRERM","WPAIRaRM","B*08"
"1585","WPTVRERM","WPaVRERM","B*0801"
"1586","WPTVRERM","WnTVRERM","B8"
"1587","RERRRRDEPAAVGVGPAS","RERRRRnEPAAVGVGPAS",""
"1588","RERRRRDEPAAVGVGPAS","RERRRkDEPAAVGVGPAS",""
"1589","RERRRRDEPAAVGVGPAS","RERRkRDEPAAVGVGPAS",""
"1590","RERRRRDEPAAVGVGPAS","RERRRReEPAAVGVGPAS",""
"1591","RERRRRDEPAAVGVGPAS","RERRRgDEPAAVGVGPAS",""
"1592","RERRRRDEPAAVGVGPAS","RERRRtDEPAAVGVGPAS",""
"1593","RERRRRDEPAAVGVGPAS","RERRgRDEPAAVGVGPAS",""
"1594","RERRRRDEPAAVGVGPAS","RERRRRDEsAAVGVGPAS",""
"1595","RERRRRDEPAAVGVGPAS","RERRRReEPAAVGVGPAS",""
"1596","RDLEKHGAI","RDLkKHGAI","B*37"
"1597","RDLEKHGAI","RnLEKHGAI","B*37"
"1598","RDLEKHGAI","RDLEKrGAI","B*37"
"1599","LEKHGAITS","LdKHGAITS","B*4001, B50"
"1600","LEKHGAITS","LEKHGAvTS","B*4001, B50"
"1601","EEVGFPVKPQV","dEVGFPVKPQV","B*4501"
"1602","EVGFPVRPQVPLRPMTYK","EVGFPVRPQVPLRPMTfK",""
"1603","FPVRPQVPL","FPVtPQVPL","B7"
"1604","FPVRPQVPL","FSVRPQVPL","B*0702"
"1605","FPVRPQVPL","FPARPQVPL","B*0702"
"1606","FPVRPQVPL","SPVRPQVPL","B*0702"
"1607","FPVRPQVPL","FPIRPQVPL","B*0702"
"1608","FPVRPQVPLR","FPVtPQVPLR","B7"
"1609","FPVTPQVPLR","FPVrPQVPLR","B*07"
"1610","FPVTPQVPLRMTY","FPVrPQVPLRMTY",""
"1611","FPVTPQVPLRMTY","FPVkPQVPLRMTY",""
"1612","FPVRPQVPLRPMTYKGA","FPVRPQVPLRPMTYKaA",""
"1613","PVRPQVPLRPMTYKA","PVRPQVPLRPMTfKA",""
"1614","RPQVPLRPM","RPQVPvRPM","B*8101"
"1615","RPQVPLRPM","RPQVPtRPM","B*8101"
"1616","RPQVPLRPM","RPQVPmRPM","B*8101"
"1617","RPQVPLRPM","RPQmPLRPM","B*8101"
"1618","RPQVPLRPM","RPQVPiRPM","B*8101"
"1619","RPQVPLRPM","kPQVPLRPM",""
"1620","RPQVPLRPM","tPQVPLRPM",""
"1621","RPQVPLRPM","RPQVPvRPM",""
"1622","RPQVPLRPM","RPQVPtRPM",""
"1623","RPQVPLRPM","RPQaPLRPM",""
"1624","RPQVPLRPM","RPQVPmRPM",""
"1625","RPQVPLRPM","RPQmPLRPM",""
"1626","RPQVPLRPM","RPQVPiRPM",""
"1627","RPQVPLRPM","cPQVPLRPM",""
"1628","RPQVPLRPM","RPQVrLRPM",""
"1629","RPQVPLRPM","RPQVlLRPM",""
"1630","RPQVPLRPM","tPQVPLRPM","B7"
"1631","RPQVPLRPM","kPQVPLRPM","B*0702"
"1632","RPQVPLRPMTY","tPQVPLRPMTY","B35"
"1633","TPQVPLRPMTY","rPQVPLRPMTY","B7 supertype"
"1634","RPQVPLRPMTY","RPQVPLRPMTf","B35"
"1635","RPQVPLRPMTY","RPQVPLRPMTf","B*35"
"1636","RPQVPLRPMTY","tPQVPLRPMTY","B*35"
"1637","RPQVPLRPMTY","tPQVPLRPMTY","B*3501"
"1638","RPQVPLRPMTY","tPQVPLRPMTY","B*35"
"1639","RPQVPLRPMTY","tPQVPLRPMTY","B35"
"1640","RPQVPLRPMTY","RPQVPLRaMTY",""
"1641","QVPLRPMTY","QVPvRPMTY",""
"1642","QVPLRPMTY","QaPLRPMTY",""
"1643","QVPLRPMTY","QVPLRPMTf",""
"1644","QVPLRPMTY","QVPaRPMTY",""
"1645","QVPLRPMTY","QVPLRaMTY",""
"1646","QVPLRPMTY","QVPLaPMTY",""
"1647","QVPLRPMTYK","QVPvRPMTYK","A11, A3"
"1648","QVPLRPMTYK","QVPmRPMTYK","A11, A3"
"1649","QVPLRPMTYK","QVPLRPMTfK","A11, A3"
"1650","QVPLRPMTYK","QiPLRPMTYK","A*0301"
"1651","QVPLRPMTYK","QVPLaPMTYK","A*0301"
"1652","QVPLRPMTYK","QVPLgPMTYK","A*0301"
"1653","QVPLRPMTYK","QVPLRPMaYK","A*0301"
"1654","QVPLRPMTYK","QVPLRPaTYK","A*0301"
"1655","QVPLRPMTYK","aVPLRPMTYK","A*0301"
"1656","QVPLRPMTYK","QaPLRPMTYK","A*0301"
"1657","QVPLRPMTYK","QVaLRPMTYK","A*0301"
"1658","QVPLRPMTYK","QVPaRPMTYK","A*0301"
"1659","QVPLRPMTYK","QVPLRaMTYK","A*0301"
"1660","QVPLRPMTYK","QVPLRPMTaK","A*0301"
"1661","QVPLRPMTYK","QVPLRPMTYa","A*0301"
"1662","QVPLRPMTYK","QVPLRPMTfK","A3"
"1663","QVPLRPMTYK","QVPLRPMnYK","A3"
"1664","QVPLRPMTYK","QVPLRPMsYK","A3"
"1665","QVPLRPMTYK","QVPLRPMTeK","A*0301"
"1666","QVPLRPMTYK","QVPvRPMTYK","A*0301"
"1667","QVPLRPMTYK","QVPiRPMTYK","A*0301"
"1668","QVPLRPMTYK","QVPLRPMTYq","A*0301"
"1669","QVPLRPMTYK","QVPLRPMTYr","A*0301"
"1670","QVPLRPMTYK","hVPLRPMTYK","A*0301"
"1671","QVPLRPMTYK","QiPLRPMTYK","A*0301, A*11"
"1672","QVPLRPMTYKAAVDL","QVPLRPMTfKAAVDL",""
"1673","VPLRPMTY","VPLRPMTf","B*3501"
"1674","VPLRPMTY","VPLRPMsY","B35"
"1675","VPLRPMTY","VPLRPMTf","B35"
"1676","VPLRPMTY","VPLRPMTf","B*3501"
"1677","VPLRPMTY","VPLRPMTf","B*35"
"1678","VPLRPMTY","VPLRPMTf","B35"
"1679","RPMTYKAAV","RPMTYKAAl","B7"
"1680","RPMTYKAAV","RPMTfKAAV","B7"
"1681","RPMTYKAAV","RPMTYKeAV","B7"
"1682","RPMTYKGAL","RPMTYrGAL","B7"
"1683","RPMTYKGAL","RPMTYKaAL","B7"
"1684","RPMTYKGAL","RPMTYKGAv","B7"
"1685","RPMTYKGAL","RPMTfKGAL","B7"
"1686","RPMTYKGAL","RPMTYKaAL","B7"
"1687","RPMTYKAAL","RPMTYKgAL","B*07"
"1688","RPMTYKAAL","RPMTYKAAv","B*07"
"1689","RPMTYKAAL","RPMTfKAAL","B*07"
"1690","RPMTYKAAL","RPMTYKfAL","B*07"
"1691","RPMTYKAAL","RPMTYKAAf","B*07"
"1692","RPMTYKAAV","RPMTYKAAf","B*0702"
"1693","RPMTWKGAL","RPMTWKAAL",""
"1694","RPMTWKGAL","RPMTYKGAL",""
"1695","RPMTWKGAL","RPMTCKGAL",""
"1696","RPMTYKAAVDLSHFL","RPMTfKAAVDLSHFL",""
"1697","TYKAAVDL","TfKAAVDL","A24"
"1698","TYKAAVDL","TYKeAVDL","A24"
"1699","TYKAAVDL","TYKAAlDL","A24"
"1700","FKAALDLSHFLNEKG","FKAAvDLSHFLNEKG",""
"1701","KAAVDLSHF","KgAVDLSHF","B*57, B*5801"
"1702","KAAFDLSFF","KAAFDLgFF","B57"
"1703","KAALDLSHF","KgALDLSHF","B*5701"
"1704","KAALDLSHF","qAALDLSHF","B*5701"
"1705","KAALDLSHF","tAALDLSHF","B*5701"
"1706","KAALDLSHF","pAALDLSHF","B*5701"
"1707","KAALDLSHF","KAAhDLSHF","B*5701"
"1708","KAALDLSHF","KAALDiSHF","B*5701"
"1709","KAAVDLSHF","KgAVDLSHF","B*57"
"1710","KAAVDLSHF","KAAlDLSHF","B*57"
"1711","KAAFDLSFF","KeAFDLSFF","B*5801"
"1712","KAAFDLSFF","KgAFDLSFF","B*5801"
"1713","KAAFDLSFF","rAAFDLSFF","B*5801"
"1714","KAAFDLSFF","KAAvDLSFF","B*5801"
"1715","KAAFDLSFF","KgAFDLSFF","B*57, B*5801"
"1716","KAAFDLSFF","KAAFgLSFF","B*57, B*5801"
"1717","KAALDLSHFL","KAAvDLSHFL","A2"
"1718","KAALDLSHFL","KAALDLSHlL","B*5701"
"1719","KAALDLSHFL","rAALDLSHFL","B*5701"
"1720","KAALDLSHFL","KgALDLSHFL","B*5701"
"1721","KAALDLSHFL","KAAvDLSHFL","B*5701"
"1722","AALDMSHFL","AALDiSHFL","Cw3"
"1723","AALDMSHFL","gALDMSHFL","Cw3"
"1724","AAVDLSHFL","eAVDLSHFL","A2"
"1725","AAVDLSHFL","AAlDLSHFL","A2"
"1726","AAVDLSHFL","AAVDiSHFL","A*02"
"1727","AAVDLSHFL","AAlDLSHFL","A*02"
"1728","AAVDLSHFL","AAiDLSHFL","A*02"
"1729","AAVDLSHFL","gAVDLSHFL","A*02"
"1730","AAVDLSHFL","gAVDLSHFL","B62, Cw8"
"1731","AAVDLSHFL","AAiDLSHFL","B62, Cw8"
"1732","AAVDLSHFL","AAlDLSHFL","B62, Cw8"
"1733","AAVDLSHFL","AAVDmSHFL","A2"
"1734","GALDLSFFL","GAfDLSFFL",""
"1735","AAVDLSHFL","AAiDLSHFL","Cw*08"
"1736","AAVDLSHFL","gAVDLSHFL","Cw*08"
"1737","AAVDLSHFL","AAlDLSHFL","Cw*08"
"1738","AVDLSHFL","AfDLSHFL","B62"
"1739","AVDLSHFL","AiDLSHFL","B62"
"1740","AVDLSHFL","AlDLSHFL","B62"
"1741","AVDLSHFLK","ArDLSHFLK","A11"
"1742","AVDLSHFLK","AlDLSHFLK","A11"
"1743","AVDLSHFLK","AlDLSHFLK","A11, A3"
"1744","AVDLSHFLK","AfDLSHFLK","A11, A3"
"1745","AVDLSHFLK","AiDLSHFLK","A11, A3"
"1746","AVDLSHFLK","AlDLSHFLK",""
"1747","AVDLSHFLK","AmDLSHFLK","A3"
"1748","ALDLSHFLK","AvDLSHFLK",""
"1749","AVDLSHFLK","AlDLSHFLK",""
"1750","AVDLSHFLK","AVDLgHFLK",""
"1751","AVDLSHFLK","AVDLaHFLK",""
"1752","AVDLSHFLK","AVDLSfFLK",""
"1753","AVDLSHFLK","AVDLSaFLK",""
"1754","AVDLSHFLK","AVDaSHFLK",""
"1755","AVDLSHFLK","AVDLSHFLr","A*1101"
"1756","ALDLSHFLK","ALDLSHFLr","A*1101"
"1757","DLSHFLKEK","DLSfFLKEK","A*03, A*11"
"1758","FSHFLKEKGGLEGLIY","lSHFLKEKGGLEGLIY",""
"1759","SHFLKEKGGLEGL","SfFLKEKGGLEGL",""
"1760","FLKEKGGL","FLKEnGGL","B8"
"1761","FLKEKGGL","FLKEeGGL","B8"
"1762","FLKEKGGL","FLKEqGGL","B8"
"1763","FLKEKGGL","FLKdKGGL","B8"
"1764","FLKEKGGL","FLKEtGGL","B*0801"
"1765","FLKEKGGL","FLKEnGGL","B*0801"
"1766","FLKEKGGL","FLKEmGGL","B*0801"
"1767","FLKEKGGL","FLKEqGGL","B*0801"
"1768","FLKEKGGL","FLKEqGGL","A2, B8"
"1769","FLKEKGGL","FLKEeGGL","B8"
"1770","FLKEKGGL","FLKEgGGL","B8"
"1771","FLKEKGGL","FLrEKGGL","B*08"
"1772","FLKEKGGL","FLKErGGL","B*08"
"1773","FLKEKGGL","FLKEqGGL","B*08"
"1774","FLKEKGGL","FLKEmGGL","B*08"
"1775","FLKEKGGL","FLKEnGGL","B*08"
"1776","FLKEKGGL","FLKEtGGL","B*08"
"1777","FLKEKGGL","FLKEqGGL","B*0801"
"1778","FLKEKGGL","FLKEnGGL","B8"
"1779","FLKEKGGL","FLKEqGGL","B*08"
"1780","FLKEKGGL","FLKEeGGL","B*08"
"1781","FLKEKGGL","FLKEnGGL","B*08"
"1782","FLKEKGGL","FLKdKGGL","B*08"
"1783","FLKEKGGL","sLKEKGGL","B*08"
"1784","FLKEKGGL","lLKEKGGL","B*08"
"1785","FLKEKGGL","FLKEqGGL","B*0801"
"1786","FLKEKGGL","FLKEtGGL","B*0801"
"1787","FLKEKGGL","FLKEnGGL","B*0801"
"1788","FLKEKGGL","FLKEmGGL","B*0801"
"1789","FLKEKGGL","FLKEeGGL","B*0801"
"1790","FLKEKGGL","FLrEKGGL","B*0801"
"1791","FLKEKGGL","FLKdKGGL","B*0801"
"1792","FLKEKGGL","cLKEKGGL","B8"
"1793","FLKEKGGL","sLKEKGGL","B8"
"1794","FLKEKGGL","FLrEKGGL","B*0801"
"1795","FLKEKGGL","FLKEeGGL","B*0801"
"1796","FLKEKGGL","FLKEqGGL","B*0801"
"1797","FLKEKGGL","FLKEeGGL","B*0801"
"1798","FLKEKGGL","FLKEnGGL","B*0801"
"1799","FLKEKGGL","FLKEnGGL","B*08"
"1800","FLKEKGGL","FLKEmGGL","B*08"
"1801","FLKEKGGL","FLrEKGGL","B*08"
"1802","FLKEKGGL","FLKdKGGL","B*08"
"1803","KEKGGLEGL","KgKGGLEGL","B60"
"1804","KEKGGLEGL","KkKGGLEGL","B60"
"1805","KEKGGLEGL","KEKGGLkGL","B60"
"1806","KEKGGLEGL","KEKGGLdGL","B60"
"1807","KEKGGLEGL","KEKGGLErL","B60"
"1808","KEKGGLEGL","KEKGGLEeL","B60"
"1809","KEKGGLEGL","KEKGGLEGp","B60"
"1810","KEKGGLEGL","KEKGGLEGi","B60"
"1811","KEKGGLEGL","KEKGGLdGL","B*40"
"1812","KEKGGLEGL","KEKGGLEeL","B*40"
"1813","KEKGGLEGL","KEKGGLEGi","B60"
"1814","KEKGGLEGL","KkKGGLEGL","B60"
"1815","KEKGGLEGL","KEKGGLEGp","B60"
"1816","KEKGGLEGL","KEKGGLEeL","B60"
"1817","KEKGGLEGL","KEKGGLErL","B60"
"1818","KEKGGLEGL","KEnGGLEGL","B60"
"1819","KEKGGLEGL","KEKGGLEGi",""
"1820","KEKGGLEGL","KEKGGLEGm","B*4001"
"1821","KEKGGLEGL","KEKGGLdGL","B*40"
"1822","SKKRQEILDLWVYHT","SKKRQkILDLWVYHT",""
"1823","RRQDILDLWI","RgQDILDLWI","B*27"
"1824","RRQDILDLWI","ReQDILDLWI","B*27"
"1825","KRQDILDLWVY","rRQDILDLWVY","Cw7"
"1826","KRQDILDLWVY","KRQeILDLWVY","Cw7"
"1827","KRQDILDLWVY","KRQDILDLWiY","Cw7"
"1828","KRQDILDLWVY","rRQDILDLWVY","Cw*0701"
"1829","KRQDILDLWVY","KRQeILDLWVY","Cw*0701"
"1830","KRQDILDLWVY","KRQeILDLWVY",""
"1831","KRQDILDWVY","KRQeILDWVY","Cw*0702"
"1832","RQDILDLWI","RQDILDLWv","B7"
"1833","RQDILDLWI","RQDILDLWv","B13"
"1834","RQDILDLWI","RkDILDLWI","B13"
"1835","RQDILDLWI","RQeILDLWI","B13"
"1836","RQDILDLWI","aQDILDLWI","B13"
"1837","RQDILDLWI","RQaILDLWI","B13"
"1838","RQDILDLWV","RQDILDLWi",""
"1839","RQDILDLWVY","RQDILDLWiY",""
"1840","QDILDLWIY","QDILDLWvY","B18"
"1841","QEILDLWVY","QdILDLWVY",""
"1842","QEILDLWVY","QEILDLWiY",""
"1843","QEILDLWVY","QEILDaWVY",""
"1844","QEILDLWVY","QEIaDLWVY",""
"1845","QEILDLWVY","QEILDLWVh",""
"1846","QEILDLWVY","QEILaLWVY",""
"1847","DILDLWIY","DILDLWvY","Cw7"
"1848","WIYHTQGYFDPWQNY","WIYnTQGYFDPWQNY",""
"1849","HTQGYFPDW","nTQGYFPDW","B57, B*5801"
"1850","HTQGYFPDW","HTQGfFPDW","B57, B58"
"1851","HTQGYFPDW","HTQGiFPDW","B57, B58"
"1852","HTQGYFPDW","nTQGYFPDW","B57, B*5801"
"1853","HTQGYFPDW","HTQGfFPDW","B57"
"1854","HTQGYFPDW","nTQGYFPDW","B*57"
"1855","HTQGYFPDW","nTQGYFPDW",""
"1856","HTQGYFPDWQ","nTQGYFPDWQ","B*57"
"1857","HTQGYFPDWQ","nTQGYFPDWQ","B*5701"
"1858","GYFPDWQNY","GfFPDWQNY","A24"
"1859","GYFPDWQNY","GiFPDWQNY","A24"
"1860","YFPDWQNY","YFPDWhNY","B*57"
"1861","YFPDWQNY","fFPDWQNY","B*57"
"1862","FFPDWKNYT","lFPDWKNYT","B15"
"1863","YFPDWQNYT","YFPDWQcYT","B*5701"
"1864","FPDWQNYT","FPDWhNYT","A*01"
"1865","FPDWQNYT","FPDWQyYT","A*01"
"1866","NYTPGPGIRY","NYTPGPGvRY","A*2402"
"1867","NYTPGPGIRY","NYTPGPGtRY","A*2402"
"1868","NYTPGPGIRY","NYTPGPGIRf","A*2402"
"1869","TPGPGVRYPL","TPGPGiRYPL","B7"
"1870","TPGPGTRYPL","TPGPGvRYPL","B35"
"1871","TPGPGVRYPL","TsGPGVRYPL","B*4201"
"1872","TPGPGVRYPL","TqGPGVRYPL","B*4201"
"1873","TPGPGVRYPL","TPGPGiRYPL","B7"
"1874","TPGPGVRYPL","TPGPGiRYPL","B7"
"1875","TPGPGIRYPL","TPGPGvRYPL",""
"1876","TPGPGVKYPL","TPGPGiKYPL","B*07"
"1877","TPGPGIRYPL","TPGPGvRYPL","B*0702"
"1878","TPGPGIRYPL","TPGPGvRYPL","B*0702"
"1879","TPGPGTRYPL","TPGPGIRYPL",""
"1880","TPGPGTRYPL","TPGPGVRYPL",""
"1881","TPGPGTRYPL","TPGPGPRYPL",""
"1882","TPGPGTRYPL","TPGPGTRFPL",""
"1883","PGPGIRYPLTFGWCF","PGPGpRYPLTFGWCF",""
"1884","GIRYPLTFGWCFK","GvRYPLTFGWCFK",""
"1885","GIRYPLTFGWCFK","GIRYPLcFGWCFK",""
"1886","IRYPLTFGWCFKLVP","pRYPLTFGWCFKLVP",""
"1887","RFPLTFGW","RyPLTFGW",""
"1888","RYPLTFGW","RfPLTFGW","A*2402"
"1889","RYPLTFGW","RYPLTlGW","A*2402"
"1890","RYPLTFGW","RYPLcFGW","A*2402"
"1891","RYPLTFGWCF","RFPLTFGWCF","A*2402"
"1892","RYPLTFGWCY","RfPLTFGWCY","A*2402"
"1893","RYPLTFGWCF","RfPLTFGWCF","A*2402"
"1894","RYPLTFGWCF","RYPLTFGWCy","A*2402"
"1895","RYPLTFGWCF","RYPLcFGWCF","A*2402"
"1896","RYPLTFGWCF","RYPLTFGWpF","A*2402"
"1897","RYPLTFGWCF","RlPLTFGWCF","A*2402"
"1898","RYPLTFGWCF","RfPLTFGWCF","A*2402"
"1899","RYPLTFGWCY","RYPLTFGWCf","A24, B35"
"1900","RYPLTFGWCY","RYPLcFGWCY","A*24"
"1901","RYPLTFGWCF","RfPLTFGWCF","A24"
"1902","RYPLTFGWCF","RYPLTlGWCF","A24"
"1903","RYPLTFGWCF","RfPLTFGWCF","A*2402"
"1904","RYPLTFGWCF","RYPiTFGWCF","A*2402"
"1905","RYPLTFGWCF","RYPLcFGWCF","A*2402"
"1906","RYPLTFGWCF","RYPLcFGWCF","A*24"
"1907","RYPLTFGWCF","RfPLTFGWCF","A*2402"
"1908","RYPLTFGWCF","RlPLTFGWCF","A*2402"
"1909","RYPLTFGWCF","RwPLTFGWCF","A*2402"
"1910","RYPLTFGWCF","RYPLTFGWCy","A*2402"
"1911","RYPLTFGWCF","RYPLTlGWCF","A*2402"
"1912","RYPLTFGWCF","RYPLTFGWpF","A*2402"
"1913","RYPLTFGWCF","RYPLcFGWCF","A*2402"
"1914","RYPLTFGWCYK","RYPLcFGWCYK","B18"
"1915","YPLTFGWCY","YPLTFGWCf","B18, B35, B49, B53, B7"
"1916","YPLTFGWCY","YPLTFGWCf","B18, B53, B7"
"1917","YPLTFGWCY","YPLTFGWCf","B18, B49"
"1918","YPLTFGWCF","fPLTFGWCF","B18, B35"
"1919","YPLTFGWCF","YPLcFGWCF","B18, B35"
"1920","YPLTFGWCF","YPLTFGWCy","B18, B35"
"1921","YPLTFGWCF","YPLTlGWCF","B18, B35"
"1922","YLPTFGWCY","YLPTFGWCf","B49"
"1923","YPLTFGWCY","YPLTFGWCf","B49"
"1924","YPLTFGWCF","YPLcFGWCF","B*35"
"1925","PLTFGWCFKL","PLTFGWCyKL",""
"1926","PLTFGWCFKL","PLTLGWCFKL",""
"1927","PLTFGWCFKL","PITFGWCFKL",""
"1928","PLTFGWCFKL","PVTFGWCFKL",""
"1929","PLTFGWCFKL","PLCFGWCFKL",""
"1930","WCFKLVPV","WCyKLVPV","A2"
"1931","VLEWRFDSRL","VLEWRFDSsL","A*02"
"1932","VLEWRFDSRL","VLEWRFgSRL","A*02"
"1933","VLEWRFDSRL","VLEWkFDSRL","A*02"
"1934","VLEWRFDSRL","VLkWRFDSRL","A*02"
"1935","VLEWRFDSRL","VLEWkFDSRL","A*02"
"1936","VLVWRFDSSL","VLVWKFDSSL",""
"1937","LEWRFDITL","LaWRFDITL","A*0201"
"1938","LEWRFDITL","LqWRFDITL","A*0201"
"1939","LEWRFDITL","LpWRFDITL","A*0201"
"1940","LEWRFDITL","LvWRFDITL","A*0201"
"1941","WKFDSRLAF","WKFDSqLAF","B*1503"
"1942","WRFDSRLAF","WkFDSRLAF","B*15"
"1943","WRFDSRLAF","WRFgSRLAF","B*15"
"1944","WRFDSRLAF","WRFDSsLAF","B*15"
"1945","WRFDSRLAF","WRFDSRLAc","B*15"
"1946","WRFDSRLAF","WRFDSRLAl","B*15"
"1947","WKFDSRLAF","WKFDSRLAl","B*1503"
"1948","WKFDSRLAF","WrFDSRLAF","B*1503"
"1949","WKFDSRLAF","WKFDSsLAF","B*1503"
"1950","WKFDSRLAF","WKFDShLAF","B*1503"
"1951","WKFDSRLAF","WKFaSRLAF","B*1503"
"1952","WKFDSRLAF","WrFDSRLAF",""
"1953","WKFDSRLAF","WKFDSRLAl","B*1503"
"1954","WKFDSRLAF","WrFDSRLAF","B*1503"
"1955","WKFDSRLAF","WKFDShLAF","B*1503"
"1956","WKFDSRLAF","WKFDSsLAF","B*1503"
"1957","WKFDSRLAF","WrFDSRLAF","B*1503"
"1958","WKFDSRLAFHHMARELHPEY","WKFDSRLAFrHMARELHPEY","B51"
"1959","FDSRLAFHHIARELHPEY","FDSlLAFHHIARELHPEY","A*0201"
"1960","DSRLAFHHV","DSRLAvHHV","B51"
"1961","DSRLAFHHM","DSRLAFqHM","A24"
"1962","RLAFHHMAR","RLAFHHvAR",""
"1963","SLAFRHVAR","nLAFRHVAR","A*3101"
"1964","SLAFRHVAR","SLAFRHVAq","A*3101"
"1965","SLAFRHVAR","SLAFRHVAq",""
"1966","SLAFRHVAR","SLAFhHVAR",""
"1967","SLAFRHVAR","nLAFRHVAR",""
"1968","SLAFRHVAR","rLAFRHVAR",""
"1969","SLAFRHVAR","SLAFRHmAR",""
"1970","SLAFRHVAR","SLAFRHeAR",""
"1971","SLAFRHVAR","SLAFcHVAR",""
"1972","SLAFRHVAR","iLAFRHVAR",""
"1973","SLAFRHVAR","gLAFRHVAR",""
"1974","SLAFRHVAR","SLAFRHaAR",""
"1975","SLAFRHVAR","SLAvRHVAR",""
"1976","TLAFHHVAR","TLAFHHaAR","A*31"
"1977","AFHHVAREK","AvHHVAREK","B51"
"1978","AFHHVAREL","AFrHVAREL","A*02"
"1979","AFHHVAREL","AFHHmAREL","A*02"
"1980","ALHHVAREL","AfHHVAREL","A2"
"1981","AFHHVAREL","AFHHmAREL","B*0801"
"1982","ARELHPEY","AREmHPEY","A1"
"1983","RTSKASLER","RTSKAaLER","A*03"
"1984","RTSKASLER","RTSKApLER","A*03"
"1985","RTSKASLER","RTSKtSLER","A*03"
"1986","QPRSDTHVF","QPRSNTHVF","B*07"
